,Fórmula o principio Activo,Descripción Medicamento,Laboratorio,Precio referencial sin convenio junio 2021,Descuento,Precio referencial con convenio junio 2021
0,ACEITES DE PERSEA GRATISSIMA Y GLYCINE,PIASCLEDINE CAPS.X30,PHARMA INVESTI,$26.799,23%,$20.635
1,ACENOCUMAROL,ACEBRON (B) 4mg X20COM.,RECALCINE,$19.999,20%,$15.999
2,ACICLOVIR DERMICO,ACICLOVIR 5% CR.X15g,LABORATORIO CHILE,$2.399,82%,$432
3,ACICLOVIR DERMICO,ACICLOVIR 5% CR.X5g,LABORATORIO CHILE,$1.599,70%,$480
4,ACIDO ACETILSALICILICO,(R) ASPIRINA PED.COMP.X42,BAYER OTC,$3.999,11%,$3.559
5,ACIDO ACETILSALICILICO,(R) CARDIOASPIRINA EC 100mg X50,BAYER OTC,$10.499,10%,$9.449
6,ACIDO ACETILSALICILICO,AC.ACETIL SALICILICO 100mg X100COM.,HOSPIFARMA,$3.799,83%,$646
7,ACIDO ACETILSALICILICO,ASPIRINA AD.500mg TIRA X10TAB.,BAYER OTC,$1.999,70%,$600
8,ACIDO FOLICO,FOLACID 5mg COMP.X30,ITF (EX LABOMED),$4.699,81%,$893
9,ACIDO FOLICO,FOLISANIN 1mg X30COM.,SANITAS S.A.,$4.499,87%,$585
10,ACIDO FOLICO,FOLVIT 5mg COMP.X30,ANDROMACO FARMA,$5.999,25%,$4.499
11,ACIDO FOLICO,MILISER 1mg X30COM.,RECALCINE,$10.499,79%,$2.205
12,"ACIDO GLUTAMICO, COMPLEJO B",VITABRAL 30 capsulas,MEDIPHARM,$10.299,25%,$7.724
13,"ACIDO GLUTAMICO, COMPLEJO B",VITABRAL X 60 CAPSULAS BLANDAS,MEDIPHARM,$19.988,25%,$14.991
14,ACIDO MEFENAMICO,AC.MEFENAMICO 500mg X10COM.,HOSPIFARMA,$1.599,67%,$528
15,ACIDO MEFENAMICO,SICADOL FTE.(B) 500mg X20COM.,SYNTHON,$3.299,86%,$462
16,ACIDO URSODESOXICOLICO,FUROKAL 250mg X100CAP.,RECALCINE,$70.999,25%,$53.249
17,ACIDO URSODESOXICOLICO,FUROKAL 500mg X50CAP.,RECALCINE,$77.999,25%,$58.499
18,ACIDO URSODESOXICOLICO,SOLVOBIL 250mg COMP.X100,SILESIA,$91.399,75%,$22.850
19,ACIDO URSODESOXICOLICO,URSOFALK 250mg/5ml S.O.X250ml,BIOTOSCANA,$65.499,12%,$57.639
20,ACIDO VALPROICO,AC.VALPROICO 375mg/ml GTAS.ORAL.X25ml,ANDROMACO FARMA,$11.899,77%,$2.737
21,ACIDO VALPROICO,ACIDO VALPROICO 500mg X30COM.,ANDROMACO FARMA,$8.199,62%,$3.116
22,ACIDO VALPROICO,ATEMPERATOR 250mg X50COM.REC.,FERRER,$27.899,45%,$15.344
23,ACIDO VALPROICO,VALCOTE ER 250mg X50COM.REC.,ABBOTT FARMA,$45.999,52%,$22.080
24,ADIFENINA + PROPIFENAZONA,SAE AD.X6SUP.,PASTEUR,$12.499,58%,$5.250
25,ADIFENINA + PROPIFENAZONA,SAE PED.X6SUP.,PASTEUR,$8.299,63%,$3.071
26,AEROCAMARA,AEROFACIDOSE AEROCAMARA AD/ESCOLAR,LABORATORIO CHILE,$8.299,15%,$7.054
27,AEROCAMARA,AEROFACIDOSE AEROCAMARA LACTANTE,LABORATORIO CHILE,$8.299,81%,$1.577
28,ALBENDAZOL,VERMOIL 200mg X2COM.,FARMOQUIMICA DEL PACIFICO,$4.799,16%,$4.031
29,ALBENDAZOL,ZENTEL 400mg X3COM.,GLAXO,$26.799,69%,$8.308
30,ALCOHOL DESNATURALIZADO,ALCOGEL 70 JB.LIQ.X340ml,DIFEM PHARMA S.A.,$2.299,14%,$1.977
31,ALCOHOL POLIVINILICO + CLOROBUTANOL,LAGRIMAS ARTIFICIALES SOF.X15ml,HOSPIFARMA,$2.799,60%,$1.120
32,ALENDRONATO,ALDROX 70mg X10COM.REC.,PASTEUR,$12.999,20%,$10.399
33,ALENDRONATO + CALCIO + VIT D,LEODRIN 70 DUO X4/56COM.REC.,RECALCINE,$22.499,25%,$16.874
34,ALPRAZOLAM,ALPRAZOLAM (B) 0.50mg X30COM.,LABORATORIO CHILE,$1.399,46%,$755
35,ALUMINIO HIDROXIDO,HIDROXIDO ALUMINIO 6% SOL.X180ml,LABORATORIO CHILE,$2.599,38%,$1.611
36,AMANTADINA,PRAYANOL100mg X30CAP.,SANITAS S.A.,$12.699,22%,$9.905
37,AMBROXOL,AMBROXOL 15mg/5ml JBE.X100ml,ANDROMACO FARMA,$1.599,60%,$640
38,AMBROXOL,AMBROXOL 30mg/5ml JBE.X100ml,ANDROMACO FARMA,$1.899,67%,$627
39,AMBROXOL,PAZBRONQ ADULTO JARABE X 100 ML.,MEDIPHARM,$3.999,42%,$2.319
40,AMITRIPTILINA,AMITRIPTILINA 25mg X100COM.,LABORATORIO CHILE,$2.699,47%,$1.430
41,AMITRIPTILINA + CLORDIAZEPOXIDO,MORELIN 30CR,LABORATORIO CHILE,$18.999,35%,$12.349
42,AMLODIPINO,AMLODIPINO (B) 10mg X30COM.,OPKO,$2.099,70%,$630
43,AMLODIPINO,AMLODIPINO 5mg X30COM.,OPKO,$2.799,70%,$840
44,AMLODIPINO + BISOPROLOL,CONCOR AM 5 5mg COMP.X30,MERCK SA CHILE,$33.599,36%,$21.503
45,AMLODIPINO + VALSARTAN,AMPLEX 10 MG/ 160 MG 30 CR,LABORATORIO CHILE,$26.799,35%,$17.419
46,AMLODIPINO + VALSARTAN,AMPLEX 5 MG/ 160 MG 30 CR,LABORATORIO CHILE,$27.999,35%,$18.199
47,AMLODIPINO + VALSARTAN,AMPLEX 5 MG/ 80 MG 30 CR,LABORATORIO CHILE,$22.999,32%,$15.639
48,AMLODIPINO + VALSARTAN,EXFORGE 10/160 X28COM.REC.,AXON PHARMA,$42.199,14%,$36.291
49,AMLODIPINO + VALSARTAN,EXFORGE 10/160 X56COM.REC.,AXON PHARMA,$65.599,14%,$56.415
50,AMLODIPINO + VALSARTAN,EXFORGE 10/320 X28COM.REC.,AXON PHARMA,$40.599,11%,$36.133
51,AMLODIPINO + VALSARTAN,EXFORGE 5/160 X28COM.REC.,AXON PHARMA,$45.699,20%,$36.559
52,AMLODIPINO + VALSARTAN,EXFORGE 5/160 X56COM.REC.,AXON PHARMA,$81.199,20%,$64.959
53,AMLODIPINO + VALSARTAN,EXFORGE 5/320 X28COM.REC.,AXON PHARMA,$40.599,14%,$34.915
54,AMLODIPINO + VALSARTAN,EXFORGE 5/320 X56COM.REC.,AXON PHARMA,$60.599,20%,$48.479
55,AMLODIPINO + VALSARTAN,EXFORGE 5/80 X56COM.REC.,AXON PHARMA,$64.199,14%,$55.211
56,AMLODIPINO + VALSARTAN + HIDROCLOROTIAZI,EXFORGE D 10/160/12.5 X28COM.REC.,AXON PHARMA,$45.699,18%,$37.473
57,AMLODIPINO + VALSARTAN + HIDROCLOROTIAZI,EXFORGE D 10/320/25 X28COM.REC.,AXON PHARMA,$45.999,14%,$39.559
58,AMLODIPINO + VALSARTAN + HIDROCLOROTIAZI,EXFORGE D 5/160/12.5 X28COM.REC.,AXON PHARMA,$59.199,20%,$47.359
59,AMOXICILINA,AMOXICILINA 500mg/5ml JBE.X60ml,OPKO,$1.699,70%,$510
60,AMOXICILINA,AMOXICILINA 750mg X10COM.,HOSPIFARMA,$2.199,66%,$748
61,AMOXICILINA + ACIDO CLAVULANICO,CLAVAM DUO (BE) 875/125 COMP.X14,EUROFARMA CHILE S.A.,$17.899,40%,$10.739
62,AMOXICILINA + ACIDO CLAVULANICO,CLAVAM DUO(BE) 875/125 COMP.X20,EUROFARMA CHILE S.A.,$22.599,43%,$12.881
63,AMOXICILINA + LANSOPRAZOL + CLARITROMICI,LANZOPRAL HELIPACK X14DS.,PHARMA INVESTI,$39.799,34%,$26.267
64,ANTAZOLINA + NAFAZOLINA,OFTALIRIO SOF.X10ml,SAVAL S.A.,$11.499,31%,$7.934
65,APIXABAN,ELIQUIS 5mg X60COM.,PFIZER,$83.899,30%,$58.729
66,ARIPIPRAZOL,AZYMOL 10mg X30COM.,RECALCINE,$48.499,25%,$36.374
67,ARIPIPRAZOL,AZYMOL 15mg X30COM.,RECALCINE,$72.499,68%,$23.200
68,ARIPIPRAZOL,AZYMOL 5mg X30COM.,RECALCINE,$36.499,18%,$29.929
69,ARIPIPRAZOL,IRAZEM (B) 15mg X30COM.,DEUTSCHE PHARMA S.A.,$46.899,78%,$10.318
70,ARIPIPRAZOL,IRAZEM 10mg X30COM.,DEUTSCHE PHARMA S.A.,$39.699,20%,$31.759
71,ARMODAFINILO,ARVIGIL 200 MG X 30 COM,ANDROMACO FARMA,$35.499,40%,$21.299
72,ATAPULGITA + NIFUROXAZIDA,DIAREN X20COM.,SAVAL S.A.,$9.399,25%,$7.049
73,ATENOLOL,ATENOLOL (B) 50mg X20COM.,LABORATORIO CHILE,$999,65%,$350
74,ATOMOXETINA,DEATEN 40MG. FCO. 30 COMP.,ANDROMACO FARMA,$59.699,40%,$35.819
75,ATOMOXETINA,DEATEN 80MG. CAJA 15 COMP.,ANDROMACO FARMA,$52.499,34%,$34.649
76,ATORVASTATINA,(R) LIPITOR 10mg COMP.X30,PFIZER,$48.599,14%,$41.795
77,ATORVASTATINA,ATENFAR BE 20MG X 30 COMPR. REC.,MEDIPHARM,$7.999,53%,$3.760
78,ATORVASTATINA,ATORVASTATINA (B) 10mg X30COM.,LABORATORIO CHILE,$2.799,81%,$532
79,ATORVASTATINA,ATORVASTATINA (B) 20mg X30COM.,LABORATORIO CHILE,$2.999,70%,$900
80,ATORVASTATINA,LIPOX 40 MG 30 CR Z BE,LABORATORIO CHILE,$17.099,28%,$12.311
81,ATORVASTATINA,LIPOX 80 MG 30 CR Z BE,LABORATORIO CHILE,$18.799,29%,$13.347
82,ATROPINA,ATROPINA 1% SOF.X5ml,BPH S.A,$16.999,54%,$7.820
83,AZITROMICINA,AZITROMICINA (B) 500mg X6COM.,LABORATORIO CHILE,$2.899,61%,$1.131
84,AZITROMICINA,AZITROMICINA 200mg/5ml S.O.X15ml,LABORATORIO CHILE,$6.699,67%,$2.211
85,AZITROMICINA,RICILINA 200mg/5ml S.O.SACHET X15ml,RECALCINE,$6.999,33%,$4.689
86,BACLOFENO,LIORESYL 10mg X60COM.,NOVARTIS CHILE S.A.,$65.999,20%,$52.799
87,BENZOCAINA + CETILPIRIDINIO CLORURO + DEXPANTENOL,KALMAFTA GEL 20ml,ANDROMACO FARMA,$5.799,20%,$4.639
88,BETAHISTINA,BETASERC (R) 16mg X30COM.,ABBOTT FARMA,$31.499,53%,$14.805
89,BETAHISTINA,BETASERC (R) 24mg X30COM.,ABBOTT FARMA,$37.099,39%,$22.630
90,BETAHISTINA,BETINA (B) 16mg X30COM.,EUROFARMA CHILE S.A.,$26.799,30%,$18.759
91,BETAHISTINA,BETINA (B) 24mg X30COM.,EUROFARMA CHILE S.A.,$33.599,30%,$23.519
92,BETAHISTINA,MICROSER COMP.16MG.X30 VTA,GRUNENTHAL,$40.999,40%,$24.599
93,BETAHISTINA,MICROSER COMP.24MG.X30 VTA (BE),GRUNENTHAL,$42.999,40%,$25.799
94,BETAHISTINA,MICROSER COMP.8MG.X30 VTA,GRUNENTHAL,$32.499,36%,$20.799
95,BETAHISTINA,MICROSER COMP.8MG.X60 VTA,GRUNENTHAL,$46.399,30%,$32.479
96,BETAMETASONA (FOSFATO DISODICO Y DIPROPIONATO),BETAVOL 5+2mg/ml AMP.X1,EUROFARMA CHILE S.A.,$12.999,30%,$9.099
97,BETAMETASONA + LIDOCAINA + OXIDO DE ZINC,CONTRALMOR X6SUP.,LABORATORIO CHILE,$13.699,53%,$6.439
98,BETAMETASONA DERMICA,BETAMETASONA 0.05% CR.X15g,LABORATORIO CHILE,$1.299,76%,$312
99,BETAMETASONA OFTALMICA,OFTASONA P SOF.X10ml,SAVAL S.A.,$13.499,18%,$11.069
100,BISOPROLOL,BISOPRIL 1.25 COMP.X30,EUROFARMA CHILE S.A.,$6.999,30%,$4.899
101,BISOPROLOL,BISOPRIL 2.5 COMP.X30,EUROFARMA CHILE S.A.,$13.899,60%,$5.560
102,BISOPROLOL,BISOPRIL 5mg COMP.X30,EUROFARMA CHILE S.A.,$16.799,30%,$11.759
103,BISOPROLOL,CONCOR 10mg X28COM.REC.,MERCK SA CHILE,$35.399,39%,$21.593
104,BISOPROLOL,"CONCOR 2,5mg COMP.X28",MERCK SA CHILE,$28.799,30%,$20.159
105,BISOPROLOL,CONCOR 5mg COMP.X28,MERCK SA CHILE,$35.299,20%,$28.239
106,BUDESONIDA + FORMOTEROL,VANNAIR 160/4.5 X120DS.,ASTRA ZENECA DE CHILE LTDA.,$61.699,52%,$29.616
107,BUPROPION,BUTRINO 150mg COM.X30,EUROFARMA CHILE S.A.,$19.499,30%,$13.649
108,BUPROPION,BUTRINO 150mg COM.X60,EUROFARMA CHILE S.A.,$27.799,35%,$18.069
109,BUPROPION,ELONTRIL XL 150mg X30COM.PROL.,ETEX FARMACEUTICA LTDA.,$38.999,18%,$31.979
110,BUPROPION,MONDRIAN 150MG X 30,ANDROMACO FARMA,$21.999,40%,$13.199
111,CALCIO + VIT D,PLUSCAL COMP.X30,PASTEUR,$18.099,25%,$13.574
112,CALCIO ACETATO,"PHOSLO 0,667mg X60COM.",PASTEUR,$9.499,16%,$7.979
113,CALCIO CARBONATO,ELCAL 320mg CAPS.X30,ANDROMACO FARMA,$10.899,30%,$7.629
114,CALCIO CARBONATO,ELCAL FTE 450mg CAPS.X30,ANDROMACO FARMA,$7.699,30%,$5.389
115,CALCIO CARBONATO + VITAMINA D3,CALCEFOR D X30CAP.,LABORATORIO CHILE,$9.499,58%,$3.990
116,CALCIO CARBONATO + VITAMINA D3,CALCEFOR D X60CAP.,LABORATORIO CHILE,$10.999,93%,$770
117,CALCIO CARBONATO + VITAMINA D3,CALDAR-D FORTE x 30 cápsulas,MEDIPHARM,$7.199,32%,$4.895
118,CALCIO CARBONATO + VITAMINA D3,CAPRIMIDA D FTE.X30CAP.,RECALCINE,$11.999,25%,$8.999
119,CALCIO CARBONATO + VITAMINA D3,ELCAL CI COMP.X60,ANDROMACO FARMA,$16.699,28%,$12.023
120,CALCIO CARBONATO + VITAMINA D3,ELCAL D 500/800 CAPS.X60,ANDROMACO FARMA,$14.999,30%,$10.499
121,CALCIO CARBONATO + VITAMINA D3,ELCAL D CAPS.X30,ANDROMACO FARMA,$8.299,30%,$5.809
122,CALCIO CARBONATO + VITAMINA D3,ELCAL D CAPS.X60,ANDROMACO FARMA,$11.699,30%,$8.189
123,CALCIO CARBONATO + VITAMINA D3,ELCAL D FTE.CAPS.X30,ANDROMACO FARMA,$9.399,30%,$6.579
124,CALCIO CARBONATO + VITAMINA D3,ELCAL D FTE.CAPS.X60,ANDROMACO FARMA,$12.499,30%,$8.749
125,CALCIO CARBONATO + VITAMINA D3,ELCAL D PLUS CAPS.X30,ANDROMACO FARMA,$12.899,30%,$9.029
126,CALCIO CARBONATO + VITAMINA D3,ELCAL D PLUS CAPS.X60,ANDROMACO FARMA,$14.699,30%,$10.289
127,CALCIO FOSFATO + VITAMINA D3,ELCAL D SUPRA SOB.X30,ANDROMACO FARMA,$20.599,30%,$14.419
128,CALCIO GLUCONATO + CALCIO LACTOBIONATO,ELCAL KID JBE.180ml,ANDROMACO FARMA,$13.099,30%,$9.169
129,CALCITRIOL,ROCALTROL 0.25mcg CAPS.X30,ROCHE,$44.599,35%,$28.989
130,CANAGLIFLOXINA,INVOKANA 100mg X30COM.,JANSSEN,$34.499,25%,$25.874
131,CANAGLIFLOXINA,INVOKANA 300mg X30COM.,JANSSEN,$41.199,25%,$30.899
132,CANDESARTAN,ATACAND (R) 8mg X30COM.,ASTRA ZENECA DE CHILE LTDA.,$32.199,52%,$15.456
133,CANDESARTAN + HIDROCLOROTIAZIDA,BILATEN-D 16/12.5 mg. x 30 comprimidos,MEDIPHARM,$18.999,27%,$13.869
134,CAPTOPRIL,CAPTOPRIL 25mg X30COM.,HOSPIFARMA,$4.599,85%,$690
135,CARBAMAZEPINA,CARBAMAZEPINA (B) 200mg X20COM.,LABORATORIO CHILE,$2.399,80%,$480
136,CARBOMER 974,SICCAFLUID GEL 10g,THEA PHARMA SPA,$20.799,34%,$13.727
137,CARBOMER 974,SICCAFLUID UNIDOSIS X30,THEA PHARMA SPA,$20.299,30%,$14.209
138,CARMELOSA SODICA,CARMELOSA 0.5% SOF.X15ml,HOSPIFARMA,$3.499,73%,$945
139,CARVEDILOL,(R) DILATREND 12.5mg COMP.X28,ROCHE,$20.499,15%,$17.424
140,CARVEDILOL,BETAPLEX (B) 12.5mg X30COM.,RECALCINE,$16.999,25%,$12.749
141,CARVEDILOL,BETAPLEX (B) 25mg X30COM.,RECALCINE,$22.999,25%,$17.249
142,CARVEDILOL,"BETAPLEX (B) 6,25mg X30COM.",RECALCINE,$9.499,67%,$3.135
143,CARVEDILOL,CARVEDILOL (B) 12.5mg X30COM.,LABORATORIO CHILE,$5.099,83%,$867
144,CARVEDILOL,CARVEDILOL (B) 25mg X30COM.,LABORATORIO CHILE,$4.999,70%,$1.500
145,CEFADROXILO,CEFADROXILO (B) 500mg X8CAP.,ANDROMACO FARMA,$2.099,36%,$1.343
146,CEFADROXILO,CEFADROXILO 250mg/5ml JBE.X60ml,ANDROMACO FARMA,$3.199,56%,$1.408
147,CEFUROXIMA AXETIL,CUROCEF (R) 500mg X14COM.REC.,GLAXO,$55.499,37%,$34.964
148,CEFUROXIMA AXETIL,CUROCEF 250mg/5ml S.O.X100ml,GLAXO,$36.499,57%,$15.695
149,CELECCOXIB,(B) COXDOS 200mg CAP.X30,ANDROMACO FARMA,$32.499,30%,$22.749
150,CELECCOXIB,(R) CELEBRA 200mg COMP.X30,PFIZER,$48.499,13%,$42.194
151,CELECCOXIB,ARGIUM 200 MG X 10 CAPSULAS,LABORATORIO CHILE,$10.499,35%,$6.824
152,CELECCOXIB,ARGIUM 200 MG X 30 CAPSULAS,LABORATORIO CHILE,$24.499,35%,$15.924
153,CELECCOXIB,CAPSURE (B) 200mg X10CAP.,PFIZER,$15.599,85%,$2.340
154,CELECCOXIB,CAPSURE (B) 200mg X30CAP.,PFIZER,$32.999,88%,$3.960
155,CELECCOXIB,COXDOS (B) 200mg X10CAP.,ANDROMACO FARMA,$13.499,20%,$10.799
156,CETIRIZINA,(B) FINDALER COMP.X30,MEDIPHARM,$6.499,62%,$2.470
157,CETIRIZINA,FINDALER JARABE X 100 ML,MEDIPHARM,$9.499,54%,$4.370
158,CETIRIZINA,ZYRTEC 1mg/ml S.O.X60ml,GLAXO,$21.999,70%,$6.600
159,CICLOBENZAPRINA,CICLOBENZAPRINA (B) 10mg X20COM.,LABORATORIO CHILE,$2.199,83%,$374
160,CICLOBENZAPRINA,TENSODOX (B) 10mg X10COM.REC.,RECALCINE,$13.999,25%,$10.499
161,CICLOBENZAPRINA,TENSODOX (B) 10mg X20COM.REC.,RECALCINE,$14.999,25%,$11.249
162,CICLOBENZAPRINA,TENSODOX (B) 5mg X20COM.REC.,RECALCINE,$10.499,25%,$7.874
163,CICLOBENZAPRINA,TENSODOX XR 10mg X20COM.PROL.,RECALCINE,$7.999,18%,$6.559
164,CILOSTAZOL,ARTESOL 100mg X30COM.,RECALCINE,$32.999,35%,$21.449
165,CILOSTAZOL,ARTESOL 50mg X30COM.,RECALCINE,$19.499,65%,$6.825
166,CINACALCET,GESER 30mg X30COM.REC.,RECALCINE,$78.499,77%,$18.055
167,CIPROFIBRATO,GIABRI 100mg X30COM.,MERCK SA CHILE,$27.799,49%,$14.177
168,CIPROFLOXACINO,CIPROFLOXACINO (B) 500mg X6COM.,LABORATORIO CHILE,$1.199,60%,$480
169,CIPROFLOXACINO OFTALMICO COLIRIO,CIPROVAL 0.3% SOF.X5ml,SAVAL S.A.,$22.899,37%,$14.426
170,CIPROHEPTADINA + VIT.B1-B2-B6 + VIT.C +,APETROL JARABE x 120 ml,MEDIPHARM,$10.999,32%,$7.479
171,CITALOPRAM,CITALOPRAM (B) 20mg X30COM.REC.,LABORATORIO CHILE,$4.399,43%,$2.507
172,CLARITROMICINA,(B) CLARIMAX 500mg COMP.X14,ANDROMACO FARMA,$25.999,30%,$18.199
173,CLARITROMICINA,(B) CLARIMAX 500mg COMP.X20,ANDROMACO FARMA,$26.499,30%,$18.549
174,CLARITROMICINA,CLARITROMICINA (B) 500mg X14COM.,ANDROMACO FARMA,$5.399,66%,$1.836
175,CLARITROMICINA,PRECLAR 250mg/5ml S.O.X80ml,LABORATORIO CHILE,$17.699,81%,$3.363
176,CLIDINIO BROMURO + CLORDIAZEPOXIDO,LEROGIN X30GRA.,RECALCINE,$22.599,50%,$11.300
177,CLIDINIO BROMURO + CLORDIAZEPOXIDO,LIBRAXIN X30COM.,DEUTSCHE PHARMA S.A.,$17.599,78%,$3.872
178,CLIDINIO BROMURO + CLORDIAZEPOXIDO,TENSOLIV COMP.X30,LABORATORIO CHILE,$12.899,30%,$9.029
179,CLINDAMICINA,DALACIN C 300mg X16CAP.,PFIZER,$43.299,34%,$28.577
180,CLINDAMICINA USO LOCAL,CLUVAX 100mg X3CAP.VAG.,RECALCINE,$13.999,50%,$7.000
181,CLINDAMICINA USO LOCAL,CLUVAX 100mg X7CAP.VAG.,RECALCINE,$23.499,50%,$11.750
182,CLINDAMICINA USO LOCAL,DIVANON 100mg X7OV.,TECNOFARMA LTDA.,$22.599,25%,$16.949
183,CLOBAZAM,GRIFOCLOBAM 10MG 20C,LABORATORIO CHILE,$22.599,35%,$14.689
184,CLOBETASOL,CLODAVAN CREMA x 30 grs.,MEDIPHARM,$7.999,43%,$4.559
185,CLOBETASOL,CLODAVAN LOCION CAPILAR 30 ml.,MEDIPHARM,$8.999,25%,$6.749
186,CLOBUTINOL,CLOVAL 40mg X20COM.,SAVAL S.A.,$12.999,15%,$11.049
187,CLOFEDIANOL + BROMHEXINA,PLU-TOS JARABE 100 ML,MEDIPHARM,$4.599,32%,$3.127
188,CLOMIPRAMINA,ANAFRANIL (R) 25mg X20GRA.,NOVARTIS CHILE S.A.,$26.499,73%,$7.155
189,CLOMIPRAMINA,ANAFRANIL 75mg X20GRA.,NOVARTIS CHILE S.A.,$57.499,81%,$10.925
190,CLONAZEPAM,(R) RAVOTRIL 2mg COMP.X30,ROCHE,$15.499,15%,$13.174
191,CLONAZEPAM,ACEPRAN 2.5mg GTAS.10ml,ANDROMACO FARMA,$13.699,23%,$10.548
192,CLONAZEPAM,CLONAZEPAM (B) 0.5mg X30COM.,LABORATORIO CHILE,$3.599,85%,$540
193,CLONAZEPAM,CLONAZEPAM (B) 2mg X30COM.,LABORATORIO CHILE,$5.599,85%,$840
194,CLONAZEPAM,ROPSIL 0.5 MG X 30 COMPRIMIDOS,MEDIPHARM,$3.399,45%,$1.869
195,CLONAZEPAM,ROPSIL 2 MG X 30 COMPRIMIDOS,MEDIPHARM,$5.999,61%,$2.340
196,CLONAZEPAM,VALPAX (B) 2mg X30COM.,RECALCINE,$15.399,94%,$924
197,CLONIXINATO DE LISINA,COLMAX 125mg COMP.X10,ANDROMACO FARMA,$3.799,58%,$1.596
198,CLOPIDROGEL,FLUYET (B) 75mg X30COM.,EXELTIS CHILE,$19.999,79%,$4.200
199,CLORANFENICOL OFTALMICO COLIRIO,CLORANFENICOL 0.5% SOF.X10ml,OPKO,$2.299,67%,$759
200,CLORFENAMINA,CLORFENAMINA (B) 4mg X20COM.,LABORATORIO CHILE,$799,83%,$136
201,CLORFENAMINA,PRODEL 2mg/5ml JBE.X120ml,PASTEUR,$5.399,83%,$918
202,CLORFENAMINA + PSEUDOEFEDRINA,NASTIFRIN GTAS.X15ml,LABORATORIO CHILE,$8.499,49%,$4.334
203,CLORFENAMINA + PSEUDOEFEDRINA,RINOVEN GOTAS X 15 ML,MEDIPHARM,$3.099,30%,$2.169
204,CLORHEXIDINA USO DENTAL,CLORHEXIDINA 0.12% SOL.X150ml,RECETARIO,$4.599,51%,$2.254
205,CLORHEXIDINA USO DENTAL,PERIO AID TRATAMIENTO COLU.X150ml,DENTAID S.A.,$6.199,65%,$2.170
206,CLORPROMAZINA,LARGACTIL 100mg X20COM.REC.,AVENTIS,$11.399,74%,$2.964
207,CLOTIAZEPAM,PLANIDEN ODT 10mg X30COM.,RECALCINE,$14.999,54%,$6.900
208,CLOTIAZEPAM,PLANIDEN ODT 5mg X30COM.,RECALCINE,$7.999,39%,$4.879
209,CLOTIAZEPAM,RIZE.10MG.30CP.,SILESIA,$23.999,40%,$14.399
210,CLOTIAZEPAM,RIZE.5MG.30CP.,SILESIA,$15.999,40%,$9.599
211,CLOTRIMAZOL,CLOTRIMAZOL 1% CR.X20g,LABORATORIO CHILE,$1.599,86%,$224
212,CLOTRIMAZOL,CLOTRIMIN CREMA X 20 G,MEDIPHARM,$5.699,54%,$2.622
213,CLOTRIMAZOL,CLOTRIMIN SOLUCION TOPICA 20 ml.,MEDIPHARM,$4.799,52%,$2.304
214,CLOTRIMAZOL + BETAMETASONA,CLOTRIMIN-B CREMA x 15 grs.,MEDIPHARM,$9.999,70%,$3.000
215,CLOTRIMAZOL OVULOS,ARNELA 500mg OVUL.X2,ANDROMACO FARMA,$21.999,30%,$15.399
216,CLOTRIMAZOL OVULOS,CLOTRIMAZOL 100mg X6OVULO,LABORATORIO CHILE,$2.499,60%,$1.000
217,CLOTRIMAZOL OVULOS,CLOTRIMIN OVULOS VAGINALES X 1 OVULO,MEDIPHARM,$6.499,81%,$1.235
218,CLOXACILINA,CLOXACILINA 500mg X12CAP.,ANDROMACO FARMA,$1.799,55%,$810
219,CODEINA + PSEUDOEFEDRINA + CLORFENAMINA,EXTOSEN JBE.X100ml,SANITAS S.A.,$6.299,86%,$882
220,CODEINA + PSEUDOEFEDRINA + CLORFENAMINA,FLEMEX J.A.T.FTE.JBE.X120ml,RECALCINE,$14.499,25%,$10.874
221,CODEINA + PSEUDOEFEDRINA + CLORFENAMINA,FLEMEX JAT JBE.X120ml,RECALCINE,$13.499,25%,$10.124
222,COLECALCIFEROL,ACUODE 50.000UI PVO.SOL.X2SOB.,RECALCINE,$15.599,33%,$10.451
223,COLECALCIFEROL,DVIDA GTAS.10ml,ANDROMACO FARMA,$17.999,35%,$11.699
224,COLECALCIFEROL,DVIDA MAX PVO.1g,ANDROMACO FARMA,$23.199,42%,$13.455
225,COLECALCIFEROL,VITDE 800 X30COM.,PASTEUR,$12.899,20%,$10.319
226,COLECALCIFEROL,VITDE GTAS.X10ml,PASTEUR,$15.599,20%,$12.479
227,COMPLEJO DE HIERRO POLIMALTOSADO,MALTOFER 100mg BEB.X10,ANDROMACO FARMA,$21.099,25%,$15.824
228,COMPLEJO DE HIERRO POLIMALTOSADO,MALTOFER 50mg GTAS.30ml,ANDROMACO FARMA,$19.899,51%,$9.751
229,COTRIMOXAZOL,COTRIMOXAZOL FTE.X10COM.,ANDROMACO FARMA,$1.299,47%,$688
230,D HIPOGLOS,D HIPOGLOS 100g,ANDROMACO FARMA,$7.899,20%,$6.319
231,D HIPOGLOS,D HIPOGLOS 60g,ANDROMACO FARMA,$5.899,20%,$4.719
232,D HIPOGLOS,D HIPOGLOS EXTREME 60g,ANDROMACO FARMA,$7.199,20%,$5.759
233,DABIGATRAN ETEXILATO,PRADAXA 150mg X30CAP.,BOEHRINGER INGELHEIM,$54.199,27%,$39.565
234,DAPAGLIFLOZIN,FORXIGA 10mg X28COM.,ASTRA ZENECA DE CHILE LTDA.,$43.899,36%,$28.095
235,DEFLAZACORT,(B) DEZARTAL 6mg COMP.X30,ANDROMACO FARMA,$31.499,29%,$22.364
236,DEFLAZACORT,DEZARTAL (B) 30mg X20COM.,ANDROMACO FARMA,$59.999,50%,$30.000
237,DELTAMETRINA + PIPERONILO BUTOXIDO,LAUNOL SH.X120ml,LABORATORIO CHILE,$7.699,41%,$4.542
238,DESLORATADINA,DESPEX (B) 5mg X30COM.REC.,LABORATORIO CHILE,$9.999,46%,$5.399
239,DESMOPRESINA,DDAVP 0.1mg X30COM.,FERRING,$42.399,7%,$39.431
240,DESVENLAFAXINA,PRISTIQ 50mg X28COM.PROL.,PFIZER,$64.299,33%,$43.080
241,DEXCLORFENIRAMINA + BETAMETASONA,DEUCOALER 30 comprimidos,MEDIPHARM,$6.499,25%,$4.874
242,DEXCLORFENIRAMINA + BETAMETASONA,PLEXUS JBE.X120ml,RECALCINE,$12.599,25%,$9.449
243,DEXCLORFENIRAMINA + BETAMETASONA,PLEXUS X30COM.,RECALCINE,$11.999,25%,$8.999
244,DIACEREINA,ARTRIZONA 50mg CAPS.X30,ANDROMACO FARMA,$43.599,30%,$30.519
245,DIAZEPAM,DIAZEPAM (B) 10mg X20COM.,LABORATORIO CHILE,$999,46%,$539
246,DIAZEPAM + CLORMEZANONA,CALMOSEDAN X30COM.,RECALCINE,$15.499,41%,$9.144
247,DICLOFENACO,DICLOFENACO 50mg X10COM.,ANDROMACO FARMA,$899,93%,$63
248,DICLOFENACO,DICLOFENACO 75mg AMP.X5,BIOSANO,$2.799,55%,$1.260
249,DICLOFENACO,DICLOFENACO PED.12.5mg X5SUP.,LABORATORIO CHILE,$1.399,63%,$518
250,DICLOFENACO TOPICO,PIROFLAM GEL x 30 grs.,MEDIPHARM,$5.799,25%,$4.349
251,DIGOXINA,DIGOXINA (B) 0.25mg X30COM.,LABORATORIO CHILE,$2.499,57%,$1.075
252,DIHEXAZIN,VITERNUM VITAM.JBE.X125ml,ITF (EX LABOMED),$21.199,46%,$11.447
253,DILTIAZEM,GRIFODILZEM 60mg COMP.X60,LABORATORIO CHILE,$18.999,35%,$12.349
254,DIMENHIDRINATO,MAREAMIN 100mg COMP.X20,EUROFARMA CHILE S.A.,$10.499,30%,$7.349
255,DIOSMINA (FLAVONOIDES RUTACEAS),VENARTEL 500mg COMP.X60,ANDROMACO FARMA,$54.099,30%,$37.869
256,DIOSMINA (FLAVONOIDES RUTACEAS),VESNIDAN x 30 comprimidos,MEDIPHARM,$15.499,65%,$5.425
257,DIOSMINA (FLAVONOIDES RUTACEAS),VESNIDAN x 60 comprimidos,MEDIPHARM,$28.599,25%,$21.449
258,DIPIRONA,DIPIRONA 1g/2ml X5AMP.,BIOSANO,$2.199,39%,$1.341
259,DIPIRONA,DIPIRONA 300mg X20COM.,ByB FARMACEUTICA,$1.399,70%,$420
260,DISULFIRAM,ANTABUS 500mg X24COM.,FARMOQUIMICA DEL PACIFICO,$31.799,50%,$15.900
261,DOMPERIDONA,DOMPERIDONA (B) 10mg X20COM.,LABORATORIO CHILE,$1.299,70%,$390
262,DOMPERIDONA,RESTOL 10mg/ml GTAS.X20ml,LABORATORIO CHILE,$3.099,58%,$1.302
263,DONEPECILO,DAZOLIN ODT 10mg X30COM.DISP.,RECALCINE,$81.999,48%,$42.639
264,DONEPECILO,DAZOLIN ODT 5mg X30COM.DISP.,RECALCINE,$79.599,76%,$19.104
265,DONEPECILO,DOPABEN (B) 10mg X30COM.REC.,LABORATORIO CHILE,$46.399,35%,$30.159
266,DONEPECILO,EVIMAL 10 MG x 30 COMP,ANDROMACO FARMA,$81.999,30%,$57.399
267,DOXAZOSINA,ALFADOXIN 4MG 30C,LABORATORIO CHILE,$12.599,65%,$4.410
268,DOXILAMINA + PIRIDOXINA,PLURIAMIN X30COM.PROL.,RECALCINE,$19.999,41%,$11.799
269,DULOXETINA CLORHIDRATO,DUCETEN 30mg X30CAP.,RECALCINE,$20.499,35%,$13.324
270,DULOXETINA CLORHIDRATO,DUCETEN 60mg X30CAP.,RECALCINE,$23.499,35%,$15.274
271,DULOXETINA CLORHIDRATO,NITEXOL 30mg CAPS.X30,ANDROMACO FARMA,$15.399,30%,$10.779
272,DULOXETINA CLORHIDRATO,NITEXOL 60mg CAPS.X30,ANDROMACO FARMA,$20.999,40%,$12.599
273,DUTASTERIDA,AVODART 0.5mg X30CAP.BLANDAS,GLAXO,$56.699,67%,$18.711
274,DUTASTERIDA + TAMSULOSINA,DUODART 0.5mg X30CAP.,GLAXO,$45.899,53%,$21.573
275,EMPAGLIFLOZINA,JARDIANCE 10mg X30COM.REC,BOEHRINGER INGELHEIM,$33.999,24%,$25.839
276,ENALAPRIL,ENALAPRIL 10mg X20COM.,ANDROMACO FARMA,$899,86%,$126
277,ENALAPRIL,ENALAPRIL 5mg X20COM.,HOSPIFARMA,$1.399,30%,$979
278,ENALAPRIL + HIDROCLOROTIAZIDA,ENALTEN-D 10/25 COMP.X30,SAVAL S.A.,$24.399,25%,$18.299
279,ERGOTAMINA + CAFEINA + CLORFENAMINA + DIPIRONA,CINABEL COMP.X10,ANDROMACO FARMA,$5.299,20%,$4.239
280,ESCITALOPRAM,ESC (BE) 10mg COM.X30,EUROFARMA CHILE S.A.,$13.899,51%,$6.811
281,ESCITALOPRAM,ESC(BE) 20mg COM.X30,EUROFARMA CHILE S.A.,$18.999,43%,$10.829
282,ESCITALOPRAM,(B) ESCITALOPRAM 10mg COMP.X30,LABORATORIO CHILE,$10.299,30%,$7.209
283,ESCITALOPRAM,ECITALEX FT 10mg COMP.X30,ANDROMACO FARMA,$11.999,30%,$8.399
284,ESCITALOPRAM,ECTIBAN 10MG 30CR,LABORATORIO CHILE,$15.999,33%,$10.719
285,ESCITALOPRAM,(B) ECTIBAN 20mg COMP.X30,LABORATORIO CHILE,$39.999,35%,$25.999
286,ESCITALOPRAM,IPRAN (B) 10mg X30COM.REC.,RECALCINE,$27.499,35%,$17.874
287,ESCITALOPRAM,IPRAN (B) 20mg X30COM.REC.,RECALCINE,$48.999,35%,$31.849
288,ESCITALOPRAM,LEXAPRO (R) 10mg X28COM.REC.,LUNDBECK,$41.099,13%,$35.756
289,ESCITALOPRAM,LEXAPRO (R) 15mg X28COM.REC.,LUNDBECK,$48.999,20%,$39.199
290,ESCITALOPRAM,LEXAPRO (R) 20mg X28COM.REC.,LUNDBECK,$62.199,17%,$51.625
291,ESCITALOPRAM,REPOSIL 10mg. 30 Comprimidos Rec.,MEDIPHARM,$15.999,58%,$6.720
292,ESOMEPRAZOL,(R) NEXIUM 20mg COMP.X28,ASTRA ZENECA DE CHILE LTDA.,$27.399,20%,$21.919
293,ESOMEPRAZOL,EMEZOL 40mg CAPS.X30,ANDROMACO FARMA,$26.099,30%,$18.269
294,ESOMEPRAZOL,ESOMEPRAZOL (B) 20mg 30COM.REC,OPKO,$5.399,30%,$3.779
295,ESPIRONOLACTONA,ESPIRONOLACTONA 25mg X20COM.,ANDROMACO FARMA,$2.199,75%,$550
296,ESTRADIOL,CYCLOBIOL 1mg COMP.X30,SILESIA,$11.099,20%,$8.879
297,ESTRADIOL,GINODERM 0.06% GEL X80g,RECALCINE,$25.799,68%,$8.256
298,ESTRADIOL,HORMOGEL PUMP 0.1% GEL TRANS. 35g,SILESIA,$16.999,22%,$13.259
299,ESTRADIOL,PRIMAQUIN 1mg X30COM.REC.,RECALCINE,$15.999,25%,$11.999
300,ESTRADIOL,PRIMAQUIN 2mg X30COM.REC.,RECALCINE,$17.999,51%,$8.820
301,ESTRADIOL + DROSPIRENONA,CLINOMAT X30COM.REC.,RECALCINE,$22.499,25%,$16.874
302,ESTRIOL,VACIDOX 0.5mg X15OV.,RECALCINE,$27.299,25%,$20.474
303,ESZOPICLONA,ESZOP 3 MG 30 COMP. REC,SILESIA,$21.299,40%,$12.779
304,ESZOPICLONA,NOPTIC 2MGx30COMPR.,ANDROMACO FARMA,$11.099,40%,$6.659
305,ESZOPICLONA,NOPTIC 3MGx30COMPR.,ANDROMACO FARMA,$13.899,32%,$9.451
306,ESZOPICLONA,PLESSIR 3mg. 30 Comprimidos Rec.,MEDIPHARM,$8.999,25%,$6.749
307,ESZOPICLONA,VALNOC 2mg X30COM.REC.,RECALCINE,$9.499,17%,$7.884
308,ESZOPICLONA,VALNOC 3mg X30COM.REC.,RECALCINE,$11.999,25%,$8.999
309,ESZOPICLONA,ZOPINOM 3 MG 30 CR,LABORATORIO CHILE,$6.799,33%,$4.555
310,FAMOTIDINA,FAMOTIDINA 40mg X10COM.,LABORATORIO CHILE,$999,70%,$300
311,FENOBARBITAL,FENOBARBITAL 100mg X10COM.,BPH S.A,$7.999,21%,$6.319
312,FENOFIBRATO DE COLINA,TRILIPIX 135mg X30CAP.PROL.,ABBOTT FARMA,$22.499,17%,$18.674
313,FENOTEROL + IPRATROPIO BROMURO,BERODUAL SOL.NEBULIZAR X20ml,BOEHRINGER INGELHEIM,$27.399,38%,$16.987
314,FIERRO PIROFOSFATO + ACIDO FOLICO,HEMOFOLIC 30CAP.,EXELTIS CHILE,$17.399,20%,$13.919
315,FIERRO POLIMALTOS + AC. FOLICO + VIT B12,MALTOFER FOL PLUS COMP.X30,ANDROMACO FARMA,$23.699,30%,$16.589
316,FIERRO SULFATO,FERRIGOT 25mg/ml GTAS.X30ml,PASTEUR,$6.499,88%,$780
317,FIERRO SULFATO,SULFATO FERROSO 200mg X20COM.,LABORATORIO CHILE,$1.799,67%,$594
318,FINASTERIDE BAJAS DOSIS,APEPLUS (B) 1mg X30COM.,RECALCINE,$26.499,35%,$17.224
319,FINASTERIDE BAJAS DOSIS,APEPLUS (B) 1mg X90COM.,RECALCINE,$78.999,25%,$59.249
320,FLUCLOXACILINA,FLUCLOXACILINA 250mg/5ml S.O.X60ml,ANDROMACO FARMA,$5.099,56%,$2.244
321,FLUCONAZOL,FLUCONAZOL 150mg X4CAP.,LABORATORIO CHILE,$7.099,62%,$2.698
322,FLUCONAZOL,FLUCTIN (B) 150mg X4CAP.,RECALCINE,$22.899,91%,$2.061
323,FLUOXETINA,FLUOXETINA (B) 20mg X20COM.,LABORATORIO CHILE,$1.499,70%,$450
324,FLUOXETINA,SOSTAC 20MG 30C,LABORATORIO CHILE,$15.999,35%,$10.399
325,FLUOXETINA,SOSTAC 20MG 60C,LABORATORIO CHILE,$17.999,29%,$12.779
326,FLUTICASONA,BREXOVENT LF 125mcg INH.X120DS.,ETEX FARMACEUTICA LTDA.,$28.399,70%,$8.520
327,FLUTICASONA,FLIXOTIDE LF 125mcg INH.X120DS.,GLAXO,$52.099,63%,$19.277
328,FLUTICASONA,FLUSONA 125mcg INH.X120DS.,RECALCINE,$29.999,83%,$5.100
329,FLUTICASONA NASAL,"ALENYS 27,5mcg SUSP.NAS.X120DS.",ETEX FARMACEUTICA LTDA.,$19.099,63%,$7.067
330,FLUTICASONA NASAL,FLIXONASE 50mcg INH.X120DS.,GLAXO,$42.099,92%,$3.368
331,FLUTICASONA NASAL,NEBULEX 50mcg SOL.NAS.X120DS.,LABORATORIO CHILE,$18.799,41%,$11.091
332,FLUVOXAMINA,LUVOX 100mg X30COM.,ABBOTT FARMA,$43.999,51%,$21.560
333,FROVATRIPTAN,DOLIPRAN 2.5mg X6COM.,RECALCINE,$11.999,25%,$8.999
334,FUROSEMIDA,FUROSEMIDA (B) 40mg X12COM.,LABORATORIO CHILE,$1.299,70%,$390
335,GABA + GABOB + ACETILGUTAMINA + VIT.B6,MEMOREX X60CAP.,RECALCINE,$32.999,65%,$11.550
336,GABA + GABOB + BGM + VIT.B6,GAMALATE B6 30GRAG,ANDROMACO FARMA,$24.199,31%,$16.697
337,GABA + GABOB + BGM + VIT.B6,GAMALATE B6 60GRAG.,ANDROMACO FARMA,$36.799,40%,$22.079
338,GABA + GABOB + BGM + VIT.B6,GAMALATE B6 JBE.80ML.,ANDROMACO FARMA,$29.099,45%,$16.004
339,GEMFIBROZILO,GEMFIBROZILO (B) 300mg X30COM.REC.,LABORATORIO CHILE,$4.199,43%,$2.393
340,GEMFIBROZILO,GEMFIBROZILO 600mg X20COM.,LABORATORIO CHILE,$4.599,64%,$1.656
341,GENTAMICINA OFTALMICA COLIRIO,GENTAMICINA 0.3% SOF.X5ml,OPKO,$2.199,70%,$660
342,GENTAMICINA OFTALMICA UNGUENTO,GENTAMICINA 0.3% UNG.OF.X3.5g,ETHON PHARMACEUTICALS SPA,$6.699,49%,$3.416
343,GENTAMICINA SISTEMICA,GENTAMICINA 80mg X5AMP.,BIOSANO,$3.499,38%,$2.169
344,GINKGO BILOBA,GINKGO MAX 80mg X120CAP.,GARDEN HOUSE,$16.199,25%,$12.149
345,GINKGO BILOBA,GINKGO MAX 80mg X30CAP.,GARDEN HOUSE,$6.399,25%,$4.799
346,GINSENG + GINKGO,MENTANIA X30CAP.BLANDAS,SAVAL S.A.,$13.699,11%,$12.192
347,GLIBENCLAMIDA,GLIBENCLAMIDA (B) 5mg X60COM.,LABORATORIO CHILE,$1.199,83%,$204
348,GLUCOSA + SODIO + POTASIO + CLORURO + CI,SALES DE REHIDRATACION 60 X8SOB.,OPKO,$7.099,65%,$2.485
349,GLUCOSA + SODIO + POTASIO + CLORURO + CI,SALES DE REHIDRATACION 90 X4SOB.,OPKO,$7.099,67%,$2.343
350,GLUCOSA INYECTABLE,GLUCOSA 5% X500ml,HOSPIFARMA,$2.199,50%,$1.100
351,GLUCOSAMINA + CONDROITINA,ARTRIDOL DUO FTE.SOB.X30,LABORATORIO CHILE,$35.499,34%,$23.429
352,GLUCOSAMINA + CONDROITINA,ARTRIDOL DUO X60CAP.BLANDAS,LABORATORIO CHILE,$19.299,35%,$12.544
353,GLUCOSAMINA + CONDROITINA,HIPERFLEX UD 4.7g X35SOB.,RECALCINE,$42.699,53%,$20.069
354,GLUCOSAMINA KCL + CONDROITINA SULFATO,HIPERFLEX K FTE.X60COM.,RECALCINE,$34.299,25%,$25.724
355,HALOPERIDOL,HALOPERIDOL 1mg X30COM.,SYNTHON,$4.999,48%,$2.599
356,HALOPERIDOL,HALOPERIDOL 5mg X20COM.,SYNTHON,$6.999,49%,$3.569
357,HEDERA HELIX,ABRILAR 35mg/5ml JBE.X100ml,PHARMA INVESTI,$4.499,81%,$855
358,HEDERA HELIX,AEROMED JARABE 100 ml.,MEDIPHARM,$4.099,25%,$3.074
359,HEDERA HELIX,HIEDRIX 35mg/5ml JBE.X100ml,LABORATORIO CHILE,$3.899,70%,$1.170
360,HEPARINA,FRAGMIN 10000UI/4ml X1JP.,PFIZER,$12.499,60%,$5.000
361,HEPARINA,FRAGMIN 2500UI/0.2ml XJP.,PFIZER,$10.199,83%,$1.734
362,HIDROCLOROTIAZIDA,HIDROCLOROTIAZIDA (B) 50mg X20COM.,LABORATORIO CHILE,$1.699,65%,$595
363,HIDROCLOROTIAZIDA + TRIAMTERENO,UREN 24C,LABORATORIO CHILE,$4.999,35%,$3.249
364,HIDROCORTISONA,HIDROCORTISONA 20mg X20COM.,LABORATORIO CHILE,$6.099,51%,$2.989
365,HIDROCORTISONA DERMICA,PROCTORAN CR.30g,FAES FARMA CHILE,$13.499,27%,$9.854
366,HIDROCORTISONA DERMICA,PANDEL CR.15g,ANDROMACO FARMA,$24.299,30%,$17.009
367,HIDROCORTISONA SUCCINATO SODICO,SOLU CORTEF 100mg X1F-A,PFIZER,$11.899,55%,$5.355
368,HIDROXICLOROQUINA,"PLAQUINOL (R) 200mg X30TAB,",AVENTIS,$48.899,76%,$11.736
369,IBANDRONATO + CALCIO + VIT D,IBAMES CD CAPS.X30,ANDROMACO FARMA,$30.299,30%,$21.209
370,IBANDRONATO SODICO MONOH,IBAMES 150mg COMP.X1,ANDROMACO FARMA,$36.199,30%,$25.339
371,IBANDRONATO SODICO MONOH,IBANOX (B) 150mg X1COM.REC.,PASTEUR,$22.799,20%,$18.239
372,IBUPROFENO,DEUCODOL FTE.200mg/5ml S.O.X120ml,MEDIPHARM,$5.799,91%,$522
373,IBUPROFENO,DEUCODOL SUSPENSION x 120 ml,MEDIPHARM,$3.999,40%,$2.399
374,IBUPROFENO,IBUPROFENO (B) 400mg X20COM.,LABORATORIO CHILE,$1.599,70%,$480
375,IMIPRAMINA,IMIPRAMINA 25mg X40COM.,LABORATORIO CHILE,$1.999,64%,$720
376,INDACATEROL + GLICOPIRRONIO,ULTIBRO BREEZHALER X30CAP.,NOVARTIS CHILE S.A.,$59.999,26%,$44.399
377,INSULINA GLARGINA,LANTUS 100UI/ml CARTUCHOS 3ml X1,AVENTIS,$23.699,17%,$19.670
378,INSULINA GLARGINA,TOUJEO 300UI/ml LAP.PRELL.1.5ml X1,AVENTIS,$34.299,46%,$18.521
379,"INSULINA ISOFANA (NPH, ZINC Y PROTAMINA)",INSULATARD HM 100UI/ml 10ml X1F-A,NOVONORDISK,$37.099,92%,$2.968
380,INSULINA REGULAR (ZINC CRISTALIZADA),ACTRAPID HM 100UI/ml 10ml X1F-A,NOVONORDISK,$33.399,92%,$2.672
381,IPRATROPIO BROMURO,AEROTROP HFA 20mcg INH.X250DS.,D&M PHARMA S.A.,$13.999,88%,$1.680
382,IPRATROPIO BROMURO,ATROVENT 0.025% NEB.X20ml,BOEHRINGER INGELHEIM,$19.799,68%,$6.336
383,IPRATROPIO BROMURO DE USO NASAL,ATROVENT 0.03% SOL.NAS.X15ml,CHC SANOFI OTC,$15.899,56%,$6.996
384,IRBESARTAN,IRBEVITAE (B) 150mg X28COM.REC,GALENICUM HEALTH CHILE SPA,$25.299,20%,$20.239
385,IRBESARTAN,IRBEVITAE (B) 300mg X28COM.REC,GALENICUM HEALTH CHILE SPA,$26.699,20%,$21.359
386,ISOSORBIDE DINITRATO,ISOSORBIDE 10mg X60COM.,HOSPIFARMA,$4.699,92%,$376
387,ISOTRETINOINA SISTEMICA,ACNERAL (B) 10mg X30CAP.BLANDAS,LABORATORIO CHILE,$27.999,20%,$22.399
388,ISOTRETINOINA SISTEMICA,ACNERAL (B) 20mg X30CAP.BLANDAS,LABORATORIO CHILE,$42.499,16%,$35.699
389,JERINGAS,JERINGA DESECH.1ml TUBERCULINA 25G,MED CELL IMPORTACIONES,$499,94%,$30
390,JERINGAS,JERINGA DESECHABLE 10ml,HOFFMAN ACCESORIOS MEDICOS,$699,93%,$49
391,KETOCONAZOL CAPILAR,FINDER SH. X 100ML,MEDIPHARM,$13.999,52%,$6.720
392,KETOPROFENO,KETOPROFENO 100mg/2ml IV X5AMP.,BIOSANO,$5.599,25%,$4.199
393,KETOPROFENO,Profenid 100 mg x 10 CE,AVENTIS,$13.199,30%,$9.239
394,KETOPROFENO,Profenid 100 mg x 20 CE,AVENTIS,$22.599,34%,$14.915
395,KETOPROFENO,Profenid Bi 150 mg x 10 comp.,AVENTIS,$16.599,36%,$10.623
396,KETOROLACO,BURTEN 10mg X10COM.SUBL.,LABORATORIO CHILE,$12.499,20%,$9.999
397,KETOROLACO,BURTEN 10mg X20COM.SUBL.,LABORATORIO CHILE,$20.999,20%,$16.799
398,KETOTIFENO OFTALMICO,OFTALER FORTE 0.05% SOF.X10ml,SAVAL S.A.,$27.499,15%,$23.374
399,LACOSAMIDA,ALDINAM 100mg X30COM.REC.,RECALCINE,$42.499,47%,$22.524
400,LACOSAMIDA,ALDINAM 200mg X30COM.REC.,RECALCINE,$68.499,25%,$51.374
401,LACOSAMIDA,ALDINAM 50mg X30COM.REC.,RECALCINE,$23.999,24%,$18.239
402,LACTASA,DIOLASA COMP.X30,ANDROMACO FARMA,$15.599,20%,$12.479
403,LACTASA,DIOLASA VAINILLA COMP.X30,ANDROMACO FARMA,$15.599,20%,$12.479
404,LACTULOSA,LACTULOSA 65% SOL.ORAL 200ml,RECETARIO,$7.499,25%,$5.624
405,LACTULOSA,LACTULOSA 65% SOL.ORAL X1000ml,ANDROMACO FARMA,$35.699,65%,$12.495
406,LAMOTRIGINA,LETICO(BE) 100mg COM.X30,EUROFARMA CHILE S.A.,$19.499,57%,$8.385
407,LAMOTRIGINA,DAKSOL (B) 100mg X28COM.,EXELTIS CHILE,$39.499,20%,$31.599
408,LAMOTRIGINA,DAKSOL (B) 25mg X28COM.,EXELTIS CHILE,$11.499,20%,$9.199
409,LAMOTRIGINA,DAKSOL (B) 50mg X28COM.,EXELTIS CHILE,$24.499,20%,$19.599
410,LAMOTRIGINA,LAFIGIN (B) 25mg X30COM.,RECALCINE,$15.999,25%,$11.999
411,LAMOTRIGINA,LAFIGIN 100mg X30COM.,RECALCINE,$39.999,21%,$31.599
412,LAMOTRIGINA,LAFIGIN DT 100mg X30COM.DISP.,RECALCINE,$31.699,25%,$23.774
413,LAMOTRIGINA,LAFIGIN DT 200mg X30COM.DISP.,RECALCINE,$59.999,33%,$40.199
414,LAMOTRIGINA,LAMOTRIGINA 50mg X30COM.DISP.,LABORATORIO CHILE,$7.099,53%,$3.337
415,LAMOTRIGINA,TRADOX 100MG.30COMP.,ANDROMACO FARMA,$40.599,40%,$24.359
416,LAMOTRIGINA,TRADOX 25MG.30COMP.,ANDROMACO FARMA,$19.899,36%,$12.735
417,LAMOTRIGINA,TRADOX 50MG.30COMP.,ANDROMACO FARMA,$32.499,34%,$21.449
418,LANSOPRAZOL,GASTRIDE 30mg X28COM.,LABORATORIO CHILE,$19.999,20%,$15.999
419,LANSOPRAZOL,LANZOPRAL 30mg COMP.X28,PHARMA INVESTI,$28.399,20%,$22.719
420,LANSOPRAZOL,LANZOPRAZOL 30mg COMP.X30,LABORATORIO CHILE,$3.799,30%,$2.659
421,LATANOPROST,"LATANOPROST 50mcg/ml SOF.X2,5ml",OPKO,$8.499,45%,$4.674
422,LEVETIRACETAM,KOPODEX (B) 1000mg X30COM.REC.,RECALCINE,$47.999,64%,$17.280
423,LEVETIRACETAM,KOPODEX (B) 500mg X30COM.REC.,RECALCINE,$24.499,35%,$15.924
424,LEVETIRACETAM,KOPODEX (B) 500mg X60COM.REC.,RECALCINE,$46.799,25%,$35.099
425,LEVETIRACETAM,KOPODEX 100mg/ml S.O.X120ml,RECALCINE,$19.999,63%,$7.400
426,LEVETIRACETAM,KOPODEX XR 500mg X30COM.,RECALCINE,$26.099,28%,$18.791
427,LEVETIRACETAM,LEVEVITAE (B) 1000mg X30COM.REC,GALENICUM HEALTH CHILE SPA,$33.699,61%,$13.143
428,LEVOCETIRIZINA,TIRIZ 5mg COMP.X30,EUROFARMA CHILE S.A.,$5.599,40%,$3.359
429,LEVOCETIRIZINA,XUZAL 5mg/ml GTAS.X20ml,GLAXO,$14.499,65%,$5.075
430,LEVODOPA + CARBIDOPA,GRIFOPARKIN 30C,LABORATORIO CHILE,$16.899,87%,$2.197
431,LEVODOPA + CARBIDOPA,LEVOFAMIL 250/25 COMP.X30,ANDROMACO FARMA,$23.099,21%,$18.248
432,LEVOFLOXACINO,LEVOXIN(BE) 500mg COMP.X7,EUROFARMA CHILE S.A.,$15.999,58%,$6.720
433,LEVOFLOXACINO,(B) QUINOBIOT 750mg COMP.X10,ANDROMACO FARMA,$19.499,30%,$13.649
434,LEVOTIROXINA,(R) EUTIROX 100mcg TABL.X100,MERCK SA CHILE,$14.399,17%,$11.951
435,LEVOTIROXINA,(R) EUTIROX 100mcg TABL.X50,MERCK SA CHILE,$9.499,32%,$6.459
436,LEVOTIROXINA,(R) EUTIROX 112mcg COMP.X50,MERCK SA CHILE,$14.399,52%,$6.912
437,LEVOTIROXINA,(R) EUTIROX 125mcg TABL.X50,MERCK SA CHILE,$14.399,46%,$7.775
438,LEVOTIROXINA,(R) EUTIROX 50mcg TABL.X50,MERCK SA CHILE,$10.599,61%,$4.134
439,LEVOTIROXINA,(R) EUTIROX 75mcg TABL.X50,MERCK SA CHILE,$11.099,33%,$7.436
440,LEVOTIROXINA,(R) EUTIROX 88mcg COMP.X50,MERCK SA CHILE,$11.699,49%,$5.966
441,LEVOTIROXINA,EUTIROX (R) 137mcg X50COM.,MERCK SA CHILE,$17.699,54%,$8.142
442,LEVOTIROXINA,EUTIROX (R) 150mcg X50COM.,MERCK SA CHILE,$15.899,44%,$8.903
443,LEVOTIROXINA,EUTIROX (R) 175mcg X50COM.,MERCK SA CHILE,$21.299,56%,$9.372
444,LEVOTIROXINA,EUTIROX (R) 200mcg X50COM.,MERCK SA CHILE,$21.599,53%,$10.152
445,LEVOTIROXINA,T4-BAGO (B) 50mcg X50COM.FLEXIDOSIS,BAGO,$7.399,61%,$2.886
446,LEVOTIROXINA,T4-BAGO (B) 75mcg X50COM.FLEXIDOSIS,BAGO,$7.899,55%,$3.555
447,LINAGLIPTINA + METFORMINA,TRAYENTA DUO 2.5mg/500 COMP.X60,BOEHRINGER INGELHEIM,$41.699,50%,$20.850
448,LISINOPRIL,ACERDIL 10mg X30COM.,RECALCINE,$24.999,18%,$20.499
449,LISINOPRIL,ACERDIL 20mg X30COM.REC.,RECALCINE,$34.999,25%,$26.249
450,LISINOPRIL,ACERDIL 5mg X30COM.REC.,RECALCINE,$13.199,25%,$9.899
451,LISINOPRIL,TONOTENSIL 10MG 30C,LABORATORIO CHILE,$22.499,26%,$16.649
452,LISINOPRIL + HIDROCLOROTIAZIDA,ACERDIL D X30COM.,RECALCINE,$34.999,25%,$26.249
453,LISINOPRIL + HIDROCLOROTIAZIDA,TONOTENSIL D 30C,LABORATORIO CHILE,$23.499,35%,$15.274
454,LITIO CARBONATO,CARBORON 300mg X50COM.,PHARMA INVESTI,$19.999,92%,$1.600
455,LITIO CARBONATO,KALITIUM 300mg COM.X50,EUROFARMA CHILE S.A.,$9.899,30%,$6.929
456,LITIO CARBONATO,KALITIUM 450mg COM.X30,EUROFARMA CHILE S.A.,$11.499,30%,$8.049
457,LOPERAMIDA,LOPERAMIDA 2mg X6COM.,LABORATORIO CHILE,$999,81%,$190
458,LORATADINA + PSEUDOEFEDRINA,FRENALER D JBE.X100ml,LABORATORIO CHILE,$15.299,20%,$12.239
459,LORATADINA + PSEUDOEFEDRINA,FRENALER D X10CAP.LIB.SOST.,LABORATORIO CHILE,$18.499,20%,$14.799
460,LORATADINA + PSEUDOEFEDRINA,FRENALER D X20CAP.LIB.SOST.,LABORATORIO CHILE,$21.499,20%,$17.199
461,LOSARTAN,(B) ARATAN 100mg COMP.X30,ANDROMACO FARMA,$20.499,26%,$15.169
462,LOSARTAN,LOSARTAN (B) 100mg X30COM.,LABORATORIO CHILE,$8.199,63%,$3.034
463,LOSARTAN,LOSARTAN (B) 50mg X30COM.,LABORATORIO CHILE,$2.399,88%,$288
464,LOSARTAN,SIMPERTEN 50MG 30CR,LABORATORIO CHILE,$7.499,35%,$4.874
465,LOSARTAN + HIDROCLOROTIAZIDA,CORODIN D FTE.COMP.REC.X30,RECALCINE,$28.499,35%,$18.524
466,LOSARTAN + HIDROCLOROTIAZIDA,LOSARTAN/HIDROCL 100/25 X30COM.,EUROFARMA CHILE S.A.,$2.999,30%,$2.099
467,LOSARTAN + HIDROCLOROTIAZIDA,LOSARTAN/HIDROCL 50/12.5 X30COM.REC.,ASCEND LABORATORIES SPA,$4.699,30%,$3.289
468,LOSARTAN + HIDROCLOROTIAZIDA,SIMPERTEN D 100/25 30CR,LABORATORIO CHILE,$29.499,35%,$19.174
469,LOSARTAN + HIDROCLOROTIAZIDA,SIMPERTEN D 30C AA,LABORATORIO CHILE,$26.499,35%,$17.224
470,LOVASTATINA,LOVASTATINA 20mg X28COM.,LABORATORIO CHILE,$1.999,70%,$600
471,MACROGOL,CONTUMAX PVO.X15SOB.,TECNOFARMA LTDA.,$20.699,68%,$6.624
472,MACROGOL,LAX SOB.X7,ANDROMACO FARMA,$13.599,48%,$7.071
473,MEBENDAZOL,MEBENDAZOL 100mg X6COM.,HOSPIFARMA,$1.799,43%,$1.025
474,MEBEVERINA,EVADOL XR 200mg CAPS.X30,ANDROMACO FARMA,$27.399,43%,$15.617
475,MEBEVERINA,MEDITOINA 135 mg. x 30 comprimidos,MEDIPHARM,$13.999,25%,$10.499
476,MEDROXIPROGESTERONA,PRODASONE (R) 5mg X20COM.,PFIZER,$14.699,68%,$4.704
477,MEMANTINA,EBIXA 20mg X28COM.REC.,LUNDBECK,$97.299,25%,$72.974
478,MEMANTINA,EUTEBROL 20mg X30COM.,TECNOFARMA LTDA.,$30.799,30%,$21.559
479,MEMANTINA,MIMETIX ODT 10mg X60COM.REC.,RECALCINE,$47.499,40%,$28.499
480,MEMANTINA,MIMETIX ODT 20mg X30COM.REC.,RECALCINE,$49.999,50%,$25.000
481,MEMANTINA,NEUROPRON FT 20mg COM.X30,ANDROMACO FARMA,$50.999,40%,$30.599
482,MEMANTINA,VIVIMEX 10mg COMP.X60,PHARMA INVESTI,$38.199,30%,$26.739
483,MESALAZINA,PENTASA 1g X50SOB.,FERRING,$90.999,18%,$74.619
484,MESALAZINA,PENTASA 2g X30SOB.,FERRING,$99.299,20%,$79.439
485,MESALAZINA,PENTASA 500mg X100COM.,FERRING,$87.699,20%,$70.159
486,METFORMINA,(B) GLAFORNIL XR 1000 COMP.X30,MERCK SA CHILE,$24.199,35%,$15.729
487,METFORMINA,(B) GLIFORTEX 850mg COMP.X30,ANDROMACO FARMA,$13.199,25%,$9.899
488,METFORMINA,(B) GLIFORTEX 850mg COMP.X60,ANDROMACO FARMA,$16.899,26%,$12.505
489,METFORMINA,(R) GLAFORNIL 850mg COMP.X30,MERCK SA CHILE,$14.399,29%,$10.223
490,METFORMINA,GLAFORNIL (R) 500mg X30COM.,MERCK SA CHILE,$8.899,38%,$5.517
491,METFORMINA,GLIDANIL 500mg. BE x 30 compr.,MEDIPHARM,$3.599,38%,$2.231
492,METFORMINA,GLIDANIL 850 MG. 30 comprimidos (BE),MEDIPHARM,$4.399,70%,$1.320
493,METFORMINA,GLIFORTEX XR 1000 COMP.X30,ANDROMACO FARMA,$15.699,30%,$10.989
494,METFORMINA,GLIFORTEX XR 500 COMP.X30,ANDROMACO FARMA,$8.799,30%,$6.159
495,METFORMINA,GLIFORTEX XR 750 COMP.X30,ANDROMACO FARMA,$12.999,30%,$9.099
496,METFORMINA,HIPOGLUCIN 1000 LP 30 C,LABORATORIO CHILE,$13.999,35%,$9.099
497,METFORMINA,HIPOGLUCIN 1000 LP 60 C,LABORATORIO CHILE,$25.499,35%,$16.574
498,METFORMINA,HIPOGLUCIN 1GR 30C,LABORATORIO CHILE,$17.999,35%,$11.699
499,METFORMINA,HIPOGLUCIN 500 MG 30 C LP,LABORATORIO CHILE,$7.999,35%,$5.199
500,METFORMINA,HIPOGLUCIN 500 MG 60 C LP,LABORATORIO CHILE,$11.999,35%,$7.799
501,METFORMINA,HIPOGLUCIN 750 LP 30 C,LABORATORIO CHILE,$12.599,38%,$7.811
502,METFORMINA,HIPOGLUCIN 750 LP 60 C,LABORATORIO CHILE,$21.599,35%,$14.039
503,METFORMINA,HIPOGLUCIN 850MG 30CR,LABORATORIO CHILE,$7.999,35%,$5.199
504,METFORMINA,HIPOGLUCIN 850MG 60 CR,LABORATORIO CHILE,$16.499,35%,$10.724
505,METFORMINA,METFORMINA (B) 850mg X30COM.REC.,LABORATORIO CHILE,$2.899,67%,$957
506,METFORMINA,METFORMINA (B) 850mg X60COM.REC.,LABORATORIO CHILE,$4.999,88%,$600
507,METFORMINA + GLIBENCLAMIDA,GLUCOVANCE 500/5 COMP.X30,MERCK SA CHILE,$20.399,30%,$14.279
508,METFORMINA + GLIBENCLAMIDA,GLUKAUT 500/5 X60COM.,SANITAS S.A.,$10.999,90%,$1.100
509,METFORMINA + GLIBENCLAMIDA,HIPOGLUCIN DA 500MG/2.5MG 30C,LABORATORIO CHILE,$9.999,31%,$6.899
510,METFORMINA + GLIBENCLAMIDA,HIPOGLUCIN DA 500MG/5MG 30C,LABORATORIO CHILE,$11.099,32%,$7.547
511,METILFENIDATO,ARADIX (B) 10mg X30COM.,RECALCINE,$24.499,20%,$19.599
512,METILFENIDATO,ARADIX RET.10mg X30COM.,RECALCINE,$32.699,16%,$27.467
513,METILFENIDATO,ARADIX RET.20mg X30COM.,RECALCINE,$45.499,20%,$36.399
514,METILFENIDATO,METRANS XR 20MG. CAJA 30 COMP.REC. LP,ANDROMACO FARMA,$39.499,40%,$23.699
515,METILFENIDATO,NEBAPUL (B) 10mg X30COM.,PHARMA INVESTI,$11.999,61%,$4.680
516,METILFENIDATO,RUBIFEN (B) 10mg X30COM.,EXELTIS CHILE,$22.399,20%,$17.919
517,METILFENIDATO,RUBIFEN SR (B) 20mg X30COM.,EXELTIS CHILE,$37.199,20%,$29.759
518,METILPREDNISOLONA,DEPO MEDROL 80mg/ml X1F-A,PFIZER,$45.499,41%,$26.844
519,METILPREDNISOLONA,MEDROL 4mg X20COM.,PFIZER,$21.099,33%,$14.136
520,METILPREDNISOLONA,SOLU MEDROL 40mg X1AMP.,PFIZER,$9.599,66%,$3.264
521,METOCLOPRAMIDA,METOCLOPRAMIDA (B) 10mg X24COM.,LABORATORIO CHILE,$1.699,68%,$544
522,METOPROLOL,BETALOC ZOK 25mg X30COM.PROL.,ASTRA ZENECA DE CHILE LTDA.,$24.699,66%,$8.398
523,METOPROLOL,BETALOC ZOK 50mg COMP.X30,ASTRA ZENECA DE CHILE LTDA.,$30.599,61%,$11.934
524,METRONIDAZOL,METROPAST (B) 500mg X20COM.,PASTEUR,$10.299,51%,$5.047
525,METRONIDAZOL DERMICO,MEDAZOL GEL 30 grs.,MEDIPHARM,$7.899,25%,$5.924
526,METRONIDAZOL OVULOS,METRONIDAZOL 500mg X10OVULOS,LABORATORIO CHILE,$2.699,47%,$1.430
527,MIRTAZAPINA,CIBLEX (B) 15mg X30COM.REC.,RECALCINE,$22.499,25%,$16.874
528,MIRTAZAPINA,CIBLEX (B) 30mg X30COM.REC.,RECALCINE,$49.499,38%,$30.689
529,MIRTAZAPINA,DIVARIL (B) 30mg X30COM.REC.,TECNOFARMA LTDA.,$26.999,16%,$22.679
530,MOMETASONA FUROATO PARA INHALACION,PLUSTER 50mcg NEB.X120DS.,DEUTSCHE PHARMA S.A.,$10.199,62%,$3.876
531,MOMETASONA FUROATO PARA INHALACION,RINITEK FREE 50mcg NEB.NAS.X200DS.,RECALCINE,$18.999,24%,$14.439
532,MONTELUKAST,LUCASTE(BE) 4mg COM.X30,EUROFARMA CHILE S.A.,$17.999,41%,$10.619
533,MONTELUKAST,LUCASTE(BE) 5mg COM.X30,EUROFARMA CHILE S.A.,$17.999,37%,$11.339
534,MONTELUKAST,BRONDILAT (B) 10mg X30COM.REC.,RECALCINE,$54.899,93%,$3.843
535,MONTELUKAST,BRONDILAT 4mg X30COM.REC.,RECALCINE,$36.499,25%,$27.374
536,MONTELUKAST,BRONDILAT 5mg X30COM.REC.,RECALCINE,$35.499,25%,$26.624
537,MONTELUKAST,BRONDILAT PED.4mg GRAN.X40SOB.,RECALCINE,$34.199,51%,$16.758
538,MUPIROCINA,MUPAX 2% UNG.X7.5g,RAFFO S.A.,$6.299,15%,$5.354
539,N-ACETILCISTEINA,FLUIDASA 100mg X10SOB.,RECALCINE,$4.499,20%,$3.599
540,N-ACETILCISTEINA,FLUIDASA 600mg X10SOB.,RECALCINE,$4.799,20%,$3.839
541,NAPROXENO,NAPROXENO (B) 550mg X10COM.,ANDROMACO FARMA,$3.099,62%,$1.178
542,NEBIVOLOL,ANFIBOL (B) 5mg X30COM.REC.,RECALCINE,$22.999,25%,$17.249
543,NEBIVOLOL,DOOX 5 MG 30 COMP,LABORATORIO CHILE,$21.699,45%,$11.934
544,NIFEDIPINO,NIFEDIPINO RET.20mg X30COM.REC.,LABORATORIO CHILE,$2.499,80%,$500
545,NIFUROXAZIDA + FTALILSULFATIAZOL,LIRACOL x 20 comprimidos,MEDIPHARM,$3.799,25%,$2.849
546,NISTATINA + ZINC OXIDO + VIT.A + VIT.D,NISTAGLOS CR.30g,ANDROMACO FARMA,$15.199,30%,$10.639
547,NISTATINA DERMICA,NISTATINA 100000UI UNG.X15g,LABORATORIO CHILE,$2.399,51%,$1.176
548,NISTATINA VAGINAL,NISTATINA 100000UI X12OVULOS,LABORATORIO CHILE,$3.599,54%,$1.656
549,NITROFURANTOINA,NITROFURANTOINA 100mg X10COM.,HOSPIFARMA,$1.599,21%,$1.263
550,NOSCAPINA,NOSCAPINA 5mg/5ml JBE.X100ml,HOSPIFARMA,$2.699,52%,$1.296
551,NOSCAPINA + PARACETAMOL + PSEUDOEFEDRINA + ACIDO ASCORBICO,CONGESTEX GTAS.X15ml,RECALCINE,$13.499,25%,$10.124
552,NOSCAPINA + PARACETAMOL + PSEUDOEFEDRINA + ACIDO ASCORBICO,CONGESTEX JBE.X120ml,RECALCINE,$10.499,25%,$7.874
553,NOSCAPINA + PARACETAMOL + PSEUDOEFEDRINA + ACIDO ASCORBICO,CONGESTEX X10CAP.,RECALCINE,$9.999,25%,$7.499
554,OLANZAPINA,SINCRIS (B) 10mg X30COM.REC.,LABORATORIO CHILE,$34.999,45%,$19.249
555,OLANZAPINA,(B) SINCRIS 5mg COMP.X30,LABORATORIO CHILE,$23.999,35%,$15.599
556,OLANZAPINA,ZAPINEX FT 10mg COMP.X30,ANDROMACO FARMA,$96.999,14%,$83.419
557,OLMESARTAN,CARDIOPLUS 20mg X30COM.REC.,RECALCINE,$19.699,25%,$14.774
558,OLMESARTAN,CARDIOPLUS 40mg X30COM.REC.,RECALCINE,$18.999,35%,$12.349
559,OLMESARTAN + AMLODIPINO,OLTAN AMLO 40/5 X30COM.REC.,ITF (EX LABOMED),$18.099,35%,$11.764
560,OLMESARTAN + HIDROCLOROTIAZIDA,CARDIOPLUS D 20/12.5 X30COM.REC.,RECALCINE,$23.499,25%,$17.624
561,OLMESARTAN + HIDROCLOROTIAZIDA,CARDIOPLUS D 40/12.5 X30COM.REC.,RECALCINE,$24.699,25%,$18.524
562,OMEGA3+ANTIOXIDANTES+MINERALES+VITAMINAS,MANHAE X30CAP.,PASTEUR,$17.799,20%,$14.239
563,OMEPRAZOL,(B) OMEPRAZOL 20mg COM.X60,LABORATORIO CHILE,$3.299,30%,$2.309
564,OMEPRAZOL,OMEPRAZOL (B) 20mg X30CAP.,LABORATORIO CHILE,$1.699,55%,$765
565,ONDANSETRON,ODATRON (B) 8mg X8COM.BUC.,PASTEUR,$65.299,75%,$16.325
566,OXCARBAZEPINA,TRILEPTAL 300mg X30COM.,AXON PHARMA,$30.699,31%,$21.182
567,OXIDO DE ZINC,PASTA LASSAR X50g,RECETARIO,$1.599,61%,$624
568,OXOLAMINA,OXOLAMINA AD.50mg/5ml JBE.X100ml,ANDROMACO FARMA,$2.399,60%,$960
569,OXOLAMINA,OXOLAMINA PED.28mg/5ml JBE.X100ml,ANDROMACO FARMA,$2.099,67%,$693
570,PANCREATINA,CREON 10.000 X20CAP.PROL.,ABBOTT FARMA,$24.999,58%,$10.500
571,PANCREATINA + PEPSINA + DIASTASA + BILIS DES. + SIMETICONA,FLAPEX E CAPS.X20,ANDROMACO FARMA,$8.399,20%,$6.719
572,PANTOPRAZOL,PANTOCAL 40mg X28COM.REC.,EUROFARMA CHILE S.A.,$18.999,36%,$12.159
573,PARACETAMOL,GESIDOL 500 MG BE X 24 COMPRIMIDOS,MEDIPHARM,$1.490,29%,$1.058
574,PARACETAMOL,GESIDOL NIÑOS 160mg X16COM.MAST.,MEDIPHARM,$2.399,62%,$912
575,PARACETAMOL,KITADOL (B) 1g X18COM.,LABORATORIO CHILE,$7.899,42%,$4.581
576,PARACETAMOL,PARACETAMOL (B) 500mg X16COM.,LABORATORIO CHILE,$899,85%,$135
577,PARACETAMOL,PARACETAMOL 100mg/ml GTAS.X15ml,LABORATORIO CHILE,$1.799,77%,$414
578,PARACETAMOL,PARACETAMOL PED.125mg X5SUP.,LABORATORIO CHILE,$1.499,63%,$555
579,PARACETAMOL + CLORFENAMINA + PSEUDOEFEDRINA,CORTIGRIP DIA/NOCHE x 15 comprimidos,MEDIPHARM,$3.399,25%,$2.549
580,PARACETAMOL + CLORFENAMINA + PSEUDOEFEDRINA,NASTIFRIN CPTO.S.O.X100ml,LABORATORIO CHILE,$6.999,86%,$980
581,PARACETAMOL + CLORFENAMINA + PSEUDOEFEDRINA,NASTIZOL CPTO.JBE.X100ml,BAGO,$8.899,83%,$1.513
582,PARACETAMOL + CLORFENAMINA + PSEUDOEFEDRINA,NASTUL CPTO.JBE.X100ml,CHEMOPHARMA S.A.,$8.599,84%,$1.376
583,PARACETAMOL + CLORFENAMINA + PSEUDOEFEDRINA,NASTUL CPTO.X10COM.REC.,CHEMOPHARMA S.A.,$4.799,88%,$576
584,PARACETAMOL + CLORZOXAZONA,BREVEX X20COM.REC.,BAGO,$11.999,12%,$10.559
585,PARACETAMOL + CLORZOXAZONA,DESDOL X 20 COMPR.,MEDIPHARM,$7.499,55%,$3.375
586,PARACETAMOL + PSEUDOEFEDRINA,CORTIGRIP x 10 comprimidos,MEDIPHARM,$3.799,41%,$2.241
587,PARACETAMOL + TRAMADOL,ZALDIAR X20COM.REC.,GRUNENTHAL,$27.299,41%,$16.106
588,PARACETAMOL + TRAMADOL,ZALEDOR P COMP.X30,MEDIPHARM,$12.999,68%,$4.160
589,PAROXETINA,PAMAX (B) 20mg X30COM.REC.,SANITAS S.A.,$23.899,21%,$18.880
590,PAROXETINA,(B) POSIVYL 20mg COMP.X30,LABORATORIO CHILE,$38.699,35%,$25.154
591,PAROXETINA,SERETRAN 20mg X30COM.,RECALCINE,$38.499,25%,$28.874
592,PAROXETINA,(B) TRAVIATA 20mg COMP.X30,ANDROMACO FARMA,$43.899,40%,$26.339
593,PENICILINA G SODICA,PENICILINA G SOD 1000000UI X1F-A,OPKO,$899,91%,$81
594,PENICILINA G SODICA,PENICILINA G SOD 2000000UI X1F-A,OPKO,$1.199,64%,$432
595,PENTOXIFILINA,PENTOXIFILINA 400mg X30COM.,LABORATORIO CHILE,$8.299,55%,$3.735
596,PERMETRINA,KILNITS 1% SH.X100ml,ANDROMACO FARMA,$9.699,80%,$1.940
597,PERMETRINA,NOLAIS SHAMPOO X 120 ML,MEDIPHARM,$3.799,34%,$2.507
598,PIRACETAM,NOOTROPYL 800mg X30COM.REC.,GLAXO,$26.299,54%,$12.098
599,POLIVITAMINICO,BION 3 X30COM.REC.,PROCTER&GAMBLE (FARMA),$10.199,27%,$7.445
600,POLIVITAMINICO CON MINERALES,BIOCORD ACTIVE x 30 FLUIDCAPS,MEDIPHARM,$5.299,25%,$3.974
601,POLIVITAMINICO CON MINERALES,REGENESIS UP CAPS.X30,EXELTIS CHILE,$16.199,20%,$12.959
602,POLIVITAMINICO PRENATAL,PRENAMIN NATAL VITAM/OMEGA X60CAP.,RECALCINE,$19.999,25%,$14.999
603,POLIVITAMINICO PRENATAL,REGENESIS MAX 30CAP.,EXELTIS CHILE,$15.499,20%,$12.399
604,POLIVITAMINICOS C/GINSENG,REGENESIS NEXT 30CAP.,EXELTIS CHILE,$16.799,20%,$13.439
605,POLOXAMER + POLIETILENGLICOL + CARBOMER,BLEPHAGEL DUO GEL 40g,THEA PHARMA SPA,$24.699,30%,$17.289
606,POTASIO GLUCONATO,POTASIO GLUCONATO 31.2% X200ml,LABORATORIO CHILE,$6.499,53%,$3.055
607,POTASIO GLUCONATO,YONKA 780mg X40TAB.,ANDROMACO FARMA,$13.899,58%,$5.838
608,PRAMIPEXOLE,PARMITAL (B) 0.25mg COMP.X30,TECNOFARMA LTDA.,$11.699,3%,$11.348
609,PRAMIPEXOLE,BIOPSOL 1mg X30COM.,RECALCINE,$47.999,96%,$1.920
610,PRAMIPEXOLE,INTAXEL 1 MG 30 C,LABORATORIO CHILE,$30.999,35%,$20.149
611,PRAMIPEXOLE,SIFROL ER (R) 1.5mg X30COM.PROL.,BOEHRINGER INGELHEIM,$100.699,64%,$36.252
612,PREDNISOLONA ACETATO COLIRIO,SOPHIPREN OFTENO 1% SOF.X5ml,SOPHIA,$20.999,65%,$7.350
613,PREDNISONA,(B) BERSEN 20mg COMP.X20,PASTEUR,$6.499,23%,$5.004
614,PREDNISONA,CORTIPREX (B) 20mg X20COM.REC.,LABORATORIO CHILE,$7.399,20%,$5.919
615,PREDNISONA,CORTIPREX 1mg/ml S.O.X100ml,LABORATORIO CHILE,$12.499,20%,$9.999
616,PREDNISONA,CORTIPREX 20mg/5ml S.O.X60ml,LABORATORIO CHILE,$11.099,85%,$1.665
617,PREDNISONA,PREDNISONA (B) 5mg X20COM.,LABORATORIO CHILE,$1.299,70%,$390
618,PREDNISONA,PROCION 20 mg. x 20 comprimidos,MEDIPHARM,$6.999,70%,$2.100
619,PREDNISONA,PROCION 20 mg/5ml SUSPENSION 60 ml.,MEDIPHARM,$7.499,55%,$3.375
620,PREGABALINA,(B) PRESTAT 75mg COMP.X40,BAGO,$12.699,30%,$8.889
621,PREGABALINA,(R) LYRICA 75mg CAPS.X28,PFIZER,$41.299,15%,$35.104
622,PREGABALINA,ALIVAX 150 MG 30 CAPSULAS,LABORATORIO CHILE,$23.699,34%,$15.641
623,PREGABALINA,ALIVAX 75MG X 30 COMP BE,LABORATORIO CHILE,$13.499,35%,$8.774
624,PREGABALINA,PREGALEX 150MG/30COMP,ANDROMACO FARMA,$44.799,25%,$33.599
625,PREGABALINA,(B) PREGALEX 75mg COMP.X30,ANDROMACO FARMA,$19.899,23%,$15.322
626,PREGABALINA,PREGOBIN (B) 150mg X30CAP.,RECALCINE,$44.999,25%,$33.749
627,PRIMIDONA,PRIMIDONA 250mg X50COM.,LABORATORIO CHILE,$7.999,30%,$5.599
628,PROGESTERONA,GESTEL 200mg X30CAP.BLANDAS,EXELTIS CHILE,$20.799,20%,$16.639
629,PROGESTERONA,PROGENDO 100mg X30CAP.BLANDAS,RECALCINE,$19.999,25%,$14.999
630,PROGESTERONA,PROGENDO 200mg X30CAP.BLANDAS,RECALCINE,$22.999,25%,$17.249
631,PROGESTERONA,PROGENDO 400mg X30CAP.BLANDAS,RECALCINE,$32.999,24%,$25.079
632,PROPAFENONA,RITMOCOR 150mg X20COM.,RECALCINE,$28.399,48%,$14.767
633,PROPAFENONA,RITMOCOR 300mg X20COM.,RECALCINE,$41.499,35%,$26.974
634,PROPANOLOL,PROPANOLOL 10mg X20COM.,HOSPIFARMA,$1.299,78%,$286
635,PROPANOLOL,PROPANOLOL 40mg X20COM.,HOSPIFARMA,$799,72%,$224
636,PROPARACAINA,ANESTALCON 0.5% SOF.X15ml,ALCON CHILE LTDA.OTC,$34.799,81%,$6.612
637,PROPINOXATO,VIPLAN FORTE GOTAS x 15 ml,MEDIPHARM,$5.199,59%,$2.132
638,PROPINOXATO,VIPLAN GOTAS x 20 ml.,MEDIPHARM,$6.099,25%,$4.574
639,PROPINOXATO + METAMIZOL,VIADIL CPTO.GTAS.15ml,PHARMA INVESTI,$9.099,25%,$6.824
640,PRUCALOPRIDA SUCCINATO,PRUCALEX 2mg COMP.X30,ANDROMACO FARMA,$45.899,30%,$32.129
641,PSEUDOEFEDRINA + CETIRIZINA,FINDALER-D x 20 cápsulas,MEDIPHARM,$10.599,25%,$7.949
642,QUETIAPINA,ASICOT 100MG 30CR,LABORATORIO CHILE,$23.599,35%,$15.339
643,QUETIAPINA,ASICOT 200MG 30CR,LABORATORIO CHILE,$47.699,35%,$31.004
644,QUETIAPINA,ASICOT 25MG 30CR,LABORATORIO CHILE,$17.399,35%,$11.309
645,QUETIAPINA,EUFRENIM (B) 100mg X30COM.REC.,NOVARTIS CHILE S.A.,$21.599,84%,$3.456
646,QUETIAPINA,QUEPIMAX (B) 25mg COMP.X30,MEDIPHARM,$16.499,61%,$6.435
647,QUETIAPINA,QUETIAPINA (B) 100mg X30COM.REC,LABORATORIO CHILE,$11.999,66%,$4.080
648,QUETIAPINA,QUETIDIN (B) 100mg X30COM.REC.,RECALCINE,$43.499,35%,$28.274
649,QUETIAPINA,QUETIDIN (B) 200mg X30COM.REC.,RECALCINE,$65.499,25%,$49.124
650,QUETIAPINA,QUETIDIN (B) 25mg X30COM.REC.,RECALCINE,$25.999,35%,$16.899
651,QUETIAPINA,QUETIDIN (B) 300mg X30COM.REC.,RECALCINE,$80.999,35%,$52.649
652,QUETIAPINA,QUETIDIN XR 150mg X30COM.,RECALCINE,$47.999,31%,$33.119
653,QUETIAPINA,QUETIDIN XR 200mg X30COM.REC.,RECALCINE,$55.999,35%,$36.399
654,QUETIAPINA,QUETIDIN XR 50mg X30COM.REC.,RECALCINE,$39.499,35%,$25.674
655,QUETIAPINA,SEROQUEL (R) 100mg X30COM.,ASTRA ZENECA DE CHILE LTDA.,$90.099,19%,$72.980
656,QUETIAPINA,SEROQUEL (R) 200mg X30COM.,ASTRA ZENECA DE CHILE LTDA.,$130.599,25%,$97.949
657,QUETIAPINA,SEROQUEL (R) 25mg X30COM.,ASTRA ZENECA DE CHILE LTDA.,$43.799,19%,$35.477
658,QUETIAPINA,SEROQUEL XR (R) 200mg X30COM.PROL,ASTRA ZENECA DE CHILE LTDA.,$90.299,25%,$67.724
659,QUETIAPINA,SEROQUEL XR (R) 300mg X30COM.PROL,ASTRA ZENECA DE CHILE LTDA.,$100.999,87%,$13.130
660,QUETIAPINA,SEROQUEL XR (R) 400mg X30COM.PROL.,ASTRA ZENECA DE CHILE LTDA.,$116.299,16%,$97.691
661,QUETIAPINA,SEROQUEL XR (R) 50mg X30COM.PROL.,ASTRA ZENECA DE CHILE LTDA.,$84.099,21%,$66.438
662,QUETIAPINA,SEROQUEL XR 150mg X30COM.PROL.,ASTRA ZENECA DE CHILE LTDA.,$84.699,25%,$63.524
663,RABEPRAZOL,GASTRODINE 20 mg. x 28 comprimidos,MEDIPHARM,$15.499,51%,$7.595
664,RIFAXIMA,NORMIX 200mg COMP.X24,ANDROMACO FARMA,$37.299,41%,$22.006
665,RIFAXIMA,RIBOLAC 200mg X10COM.,RECALCINE,$10.999,20%,$8.799
666,RISPERIDONA,DAGOTIL 3mg X30COM.,PHARMA INVESTI,$24.999,93%,$1.750
667,RISPERIDONA,GOVAL (B) 1mg X30COM.REC.,PHARMA INVESTI,$18.499,20%,$14.799
668,RISPERIDONA,RADIGEN 1 mg. FRASCO 30 ml.,MEDIPHARM,$16.899,25%,$12.674
669,RISPERIDONA,SPIRON 1MG.30COMP.,ANDROMACO FARMA,$30.499,40%,$18.299
670,RISPERIDONA,SPIRON 1mg/ml GTAS.X30ml,ANDROMACO FARMA,$26.499,39%,$16.164
671,RISPERIDONA,SPIRON FT 3MG. 30COMP.TRISECTADOS,ANDROMACO FARMA,$30.999,40%,$18.599
672,RIVAROXABAN,XARELTO 15mg COMP.X28,BAYER ETICO,$72.499,23%,$55.824
673,RIVAROXABAN,XARELTO 20mg COMP.X28,BAYER ETICO,$77.699,28%,$55.943
674,RIVASTIGMINA,EXELON (R) 1.5mg X28CAP.,AXON PHARMA,$78.899,30%,$55.229
675,RIVASTIGMINA,EXELON (R) 3mg X28CAP.,AXON PHARMA,$74.499,30%,$52.149
676,RIVASTIGMINA,EXELON (R) 4.5mg X28CAP.,AXON PHARMA,$78.299,30%,$54.809
677,RIVASTIGMINA,EXELON (R) 6mg X28CAP.,AXON PHARMA,$77.599,30%,$54.319
678,RIVASTIGMINA,EXELON 10 X30PCHE.,AXON PHARMA,$107.399,30%,$75.179
679,RIVASTIGMINA,EXELON 15 X30PCHE.,AXON PHARMA,$107.399,30%,$75.179
680,RIVASTIGMINA,EXELON 5 X30PCHE.,AXON PHARMA,$104.999,30%,$73.499
681,ROSUVASTATINA,(R) CRESTOR TABLETS 10mg COM.X30,ASTRA ZENECA DE CHILE LTDA.,$41.399,20%,$33.119
682,ROSUVASTATINA,CRESADEX 10mg X30COM.REC.,RECALCINE,$26.999,73%,$7.290
683,ROSUVASTATINA,CRESADEX 20mg X30COM.REC.,RECALCINE,$36.999,66%,$12.580
684,ROSUVASTATINA,CRESTOR TABLETS (R) 20mg X30COM.,ASTRA ZENECA DE CHILE LTDA.,$60.299,25%,$45.224
685,ROSUVASTATINA,CRESTOR TABLETS (R) 40mg X30COM.,ASTRA ZENECA DE CHILE LTDA.,$81.099,24%,$61.635
686,ROSUVASTATINA,ROSVEL 10 MG 30 CR,LABORATORIO CHILE,$10.599,35%,$6.889
687,ROSUVASTATINA,ROSVEL 10 MG 60 CR,LABORATORIO CHILE,$13.899,35%,$9.034
688,ROSUVASTATINA,ROSVEL 20 MG 30 CR,LABORATORIO CHILE,$14.199,35%,$9.229
689,RUPATADINA,REAX 10mg X30COM.,RECALCINE,$11.499,25%,$8.624
690,SACHAROMYCES BOULARDII,VINTIX 250mg X10CAP.,PHARMA INVESTI,$9.999,32%,$6.799
691,SALBUTAMOL INHALACION,BROPIL LF 100mcg INH.X200DS.,RECALCINE,$8.999,20%,$7.199
692,SALBUTAMOL INHALACION,SALBUTAMOL 100mcg INH.X200DS.,OPKO,$2.999,66%,$1.020
693,SALMETEROL + FLUTICASONA,AURITUSS 25/125 AER.INH.X120DS.,RECALCINE,$30.499,20%,$24.399
694,SALMETEROL + FLUTICASONA,AURITUSS 25/250 AER.INH.X120DS.,RECALCINE,$36.499,20%,$29.199
695,SALMETEROL + FLUTICASONA,BREXOTIDE LF 125/25 INH.X120DS.,ETEX FARMACEUTICA LTDA.,$51.099,96%,$2.044
696,SALMETEROL + FLUTICASONA,BREXOTIDE LF 250/25 INH.X120DS.,ETEX FARMACEUTICA LTDA.,$53.999,12%,$47.519
697,SALMETEROL + FLUTICASONA,BROMEX SF 25/250 AER.X120DS.,LABORATORIO CHILE,$39.799,32%,$27.063
698,SALMETEROL + FLUTICASONA,SERETIDE LF 250/25 CD X120DS.,GLAXO,$65.799,28%,$47.375
699,SAXAGLIPTINA + METFORMINA,KOMBIGLYZE XR 5/1000 X28COM.,ASTRA ZENECA DE CHILE LTDA.,$50.899,56%,$22.396
700,SELEGILINA,SELGINA 5mg COMP.X30,ANDROMACO FARMA,$19.599,21%,$15.483
701,SERTRALINA,ELEVAL 100mg X30COM.REC.,RECALCINE,$36.999,35%,$24.049
702,SERTRALINA,ELEVAL 50mg X30COM.REC.,RECALCINE,$19.499,25%,$14.624
703,SERTRALINA,ELEVAL 50mg X60COM.REC.,RECALCINE,$35.499,25%,$26.624
704,SERTRALINA,SERONEX (B) 100mg X30COM.REC.,EXELTIS CHILE,$25.999,20%,$20.799
705,SERTRALINA,SERONEX (B) 50mg X30COM.REC.,EXELTIS CHILE,$19.999,20%,$15.999
706,SERTRALINA,SERTAC 100MG.30COMP.RC.,ANDROMACO FARMA,$23.999,40%,$14.399
707,SERTRALINA,SERTAC 50MG.30COMP.REC.,ANDROMACO FARMA,$22.999,40%,$13.799
708,SERTRALINA,SERTRALINA (B) 50mg X30COM.,LABORATORIO CHILE,$2.499,85%,$375
709,SILDENAFIL,DIRTOP 100 mg. x 5 comprimidos Rec.,MEDIPHARM,$11.999,70%,$3.600
710,SILDENAFIL,DIRTOP 50 mg. x 1 comprimido BE,MEDIPHARM,$1.499,31%,$1.034
711,SILDENAFIL,DIRTOP 50 mg. x 10 comprimidos BE,MEDIPHARM,$11.799,59%,$4.838
712,SILDENAFIL,DIRTOP 50 mg. x 20 comprimidos Rec. BE,MEDIPHARM,$14.999,58%,$6.300
713,SILDENAFIL,DIRTOP 50 mg. x 5 comprimidos,MEDIPHARM,$5.999,68%,$1.920
714,SIMETICONA,FLAPEX 4% GTAS.15ml,ANDROMACO FARMA,$14.699,20%,$11.759
715,SIMETICONA,FLAPEX E CAPS.X10,ANDROMACO FARMA,$5.399,20%,$4.319
716,SITAGLIPTINA + METFORMINA,JANUMET 50/1000 COMP.X56,MERCK SHARP&DOME,$54.499,24%,$41.419
717,SITAGLIPTINA + METFORMINA,JANUMET 50/500 COMP.X28,MERCK SHARP&DOME,$32.899,25%,$24.674
718,SITAGLIPTINA + METFORMINA,JANUMET 50/500 COMP.X56,MERCK SHARP&DOME,$52.999,23%,$40.809
719,SODIO CLORURO INYECTABLE,CLORURO DE SODIO 0.9% 20ml X5,BIOSANO,$1.899,50%,$950
720,SODIO CLORURO INYECTABLE,CLORURO SODIO 0.9% X500ml,HOSPIFARMA,$1.699,82%,$306
721,SODIO HIALURONATO,HYABAK SOL.OFT.10ml,THEA PHARMA SPA,$27.099,48%,$14.091
722,SODIO HIALURONATO,LAGRICEL OFTENO 0.4% SOF.X20UNID.,SOPHIA,$25.899,74%,$6.734
723,SODIO HIALURONATO,TOPTEAR 0.4% SOF.X10ml,PHARMA INVESTI,$14.199,38%,$8.803
724,SUERO FISIOLOGICO USO NASAL,FISIOLIMP LN.X100ml,PASTEUR,$15.599,33%,$10.451
725,SULFADIAZINA DE PLATA,SULFADIAZINA DE PLATA X50g,BAMBERG/SCHUBERT,$23.299,76%,$5.592
726,SULPIRIDE,SULPILAN 50mg X30CAP.,ITF (EX LABOMED),$15.999,70%,$4.800
727,TAMSULOSINA,GOTELY 0.4mg CAPS.X30,TECNOFARMA LTDA.,$16.399,24%,$12.463
728,TAMSULOSINA,PROSTALL 0.4mg X30COM.PROL.,RECALCINE,$19.799,89%,$2.178
729,TELMISARTAN,CORDIAX 40mg X30COM.,RECALCINE,$22.499,15%,$19.124
730,TELMISARTAN,CORDIAX 80mg X30COM.,RECALCINE,$25.999,25%,$19.499
731,TELMISARTAN + AMLODIPINO,CORDIAX AM 40/5 X30COM.,RECALCINE,$23.499,25%,$17.624
732,TELMISARTAN + AMLODIPINO,CORDIAX AM 80/10 X30COM.,RECALCINE,$23.499,25%,$17.624
733,TELMISARTAN + AMLODIPINO,CORDIAX AM 80/5 X30COM.,RECALCINE,$25.999,23%,$20.019
734,TELMISARTAN + HIDROCLOROTIAZIDA,CORDIAX D 40/12.5 X30COM.,RECALCINE,$23.499,17%,$19.504
735,TELMISARTAN + HIDROCLOROTIAZIDA,"TELLMI-D 80/12,5mg 30COMP",SAVAL S.A.,$23.999,36%,$15.359
736,TERBINAFINA,TERBINAFINA (B) 250mg X28COM.,LABORATORIO CHILE,$9.799,49%,$4.997
737,TERBINAFINA USO TOPICO,ELATER CREMA X 15 G,MEDIPHARM,$5.999,43%,$3.419
738,TERBINAFINA USO TOPICO,MUCIVIL 1% SP.X20ml,PRATER,$7.299,42%,$4.233
739,TETRACICLINA,TETRACICLINA 500mg X8CAP.,HOSPIFARMA,$1.899,55%,$855
740,TIAMAZOL,THYROZOL 10mg X50COM.REC.,MERCK SA CHILE,$34.099,49%,$17.390
741,TIAMAZOL,THYROZOL 5mg X50COM.REC.,MERCK SA CHILE,$15.599,28%,$11.231
742,TIBOLONA,LIREX 2.5mg X30COM.,SILESIA,$25.999,35%,$16.899
743,TIBOLONA,"TINOX 2,5mg X30COM.",RECALCINE,$26.599,64%,$9.576
744,TICAGRELOR,BRILINTA 90mg X30COM.REC.,ASTRA ZENECA DE CHILE LTDA.,$45.699,56%,$20.108
745,TINIDAZOL + MICONAZOL,FAMIDAL CR.VAG.60g,ANDROMACO FARMA,$21.999,30%,$15.399
746,TINIDAZOL + MICONAZOL,FAMIDAL DUAL CR.20g+10OVULO,ANDROMACO FARMA,$24.399,30%,$17.079
747,TINIDAZOL + MICONAZOL,FAMIDAL OVUL.VAG.X10,ANDROMACO FARMA,$26.099,30%,$18.269
748,TIOTROPIO BROMURO,SPIRIVA RESPIMAT 2.5mcg INH.X30DS,BOEHRINGER INGELHEIM,$67.899,47%,$35.986
749,TIZANIDINA,SIRDALUD 2mg X12COM.,NOVARTIS CHILE S.A.,$15.499,20%,$12.399
750,TOLTERODINA,DETRUSITOL SR 4mg X30COM.REC.,PFIZER,$46.099,28%,$33.191
751,TOPIRAMATO,AMATO 25mg COM.X60,EUROFARMA CHILE S.A.,$21.499,30%,$15.049
752,TOPIRAMATO,AMATO(BE) 50mg COM.X60,EUROFARMA CHILE S.A.,$32.999,30%,$23.099
753,TOPIRAMATO,TOPICTAL (B) 100mg X28COM.REC.,TECNOFARMA LTDA.,$48.099,30%,$33.669
754,TOPIRAMATO,TOPICTAL 25mg X28COM.REC.,TECNOFARMA LTDA.,$22.899,20%,$18.319
755,TOPIRAMATO,TOPICTAL 50mg X28COM.REC.,TECNOFARMA LTDA.,$30.499,30%,$21.349
756,TOPIRAMATO,TOPREL 100mg X30COM.REC.,RECALCINE,$61.499,35%,$39.974
757,TOPIRAMATO,TOPREL 25mg X30COM.REC.,RECALCINE,$24.499,72%,$6.860
758,TOPIRAMATO,TOPREL 50mg X30COM.REC.,RECALCINE,$39.999,21%,$31.599
759,TRAMADOL,ANALGEX 100mg/ml GTAS.X20ml,RECALCINE,$12.999,95%,$650
760,TRAMADOL,TRAMADOL 100mg GTAS.X10ml,LABORATORIO CHILE,$4.099,70%,$1.230
761,TRAMADOL,TRAMADOL 50mg X10CAP.,SANITAS S.A.,$2.499,30%,$1.749
762,TRAMADOL,TRAMAL 100mg/ml GTAS.X10ml,GRUNENTHAL,$23.999,44%,$13.439
763,TRAMADOL,TRAMAL LONG 100mg X10COM.,GRUNENTHAL,$31.299,76%,$7.512
764,TRAMADOL,TRAMAL LONG 50mg X20COM.PROL.,GRUNENTHAL,$25.899,67%,$8.547
765,TRAMADOL,ZALEDOR 100mg. GOTAS 10 ml.,MEDIPHARM,$9.199,70%,$2.760
766,TRAZODONA,TRITTICO 100mg X20COM.,LABORATORIO CHILE,$30.599,35%,$19.889
767,TRAZODONA,TRITTICO 25mg X20CAP.,LABORATORIO CHILE,$23.999,47%,$12.719
768,TRAZODONA,TRITTICO AC 150mg X20COM.PROL.,LABORATORIO CHILE,$52.999,43%,$30.209
769,TRAZODONA,TRONSALAN 100mg X20COM.REC.,MEDIPHARM,$15.799,57%,$6.794
770,TRIBENOSIDO + LIDOCAINA,GESIPROCT X 30 GR.,MEDIPHARM,$10.399,25%,$7.799
771,TRICLOSAN,SANIGERMIN 1% JB.X90g,SANITAS S.A.,$1.599,36%,$1.023
772,TRIHEXIFENIDILO,TONARIL 2mg X100COM.,LABORATORIO CHILE,$22.999,80%,$4.600
773,TRIMEBUTINO,TRIMEBUTINO (B) 100mg X20COM.,ANDROMACO FARMA,$1.799,75%,$450
774,VALSARTAN,VERALPRES(BE) 160mg COMP.X30,EUROFARMA CHILE S.A.,$12.999,23%,$10.009
775,VALSARTAN,TAREG (R) 160mg X28COM.REC.,AXON PHARMA,$37.299,30%,$26.109
776,VALSARTAN,TAREG (R) 160mg X56COM.REC.,AXON PHARMA,$62.399,21%,$49.295
777,VALSARTAN,TAREG (R) 320mg X28COM.REC.,AXON PHARMA,$38.699,30%,$27.089
778,VALSARTAN,TAREG (R) 80mg X28COM.REC.,AXON PHARMA,$42.799,27%,$31.243
779,VALSARTAN,TAREG (R) 80mg X56COM.REC.,AXON PHARMA,$61.299,30%,$42.909
780,VALSARTAN,(B) VALAPLEX 160mg COMP.X30,LABORATORIO CHILE,$16.899,35%,$10.984
781,VALSARTAN,(B) VALAPLEX 320mg COM.X30,LABORATORIO CHILE,$16.899,35%,$10.984
782,VALSARTAN,(B) VALAPLEX 80mg COMP.X30,LABORATORIO CHILE,$16.899,35%,$10.984
783,VALSARTAN + HIDROCLOROTIAZIDA,TAREG D 160/12.5 X28COM.REC.,AXON PHARMA,$50.299,30%,$35.209
784,VALSARTAN + HIDROCLOROTIAZIDA,TAREG D 160/12.5 X56COM.REC.,AXON PHARMA,$72.699,28%,$52.343
785,VALSARTAN + HIDROCLOROTIAZIDA,TAREG D 160/25 X28COM.REC.,AXON PHARMA,$38.799,30%,$27.159
786,VALSARTAN + HIDROCLOROTIAZIDA,TAREG D 160/25 X56COM.REC.,AXON PHARMA,$61.299,30%,$42.909
787,VALSARTAN + HIDROCLOROTIAZIDA,TAREG D 320/12.5 X28COM.REC.,AXON PHARMA,$39.999,30%,$27.999
788,VALSARTAN + HIDROCLOROTIAZIDA,TAREG D 320/12.5 X56COM.REC.,AXON PHARMA,$67.999,24%,$51.679
789,VALSARTAN + HIDROCLOROTIAZIDA,TAREG D 320/25 X28COM.REC.,AXON PHARMA,$42.199,30%,$29.539
790,VALSARTAN + HIDROCLOROTIAZIDA,TAREG D 80/12.5 X28COM.REC.,AXON PHARMA,$46.899,29%,$33.298
791,VALSARTAN + HIDROCLOROTIAZIDA,TAREG D 80/12.5 X56COM.REC,AXON PHARMA,$72.999,28%,$52.559
792,VALSARTAN + HIDROCLOROTIAZIDA,VALAPLEX D 160/12.5MG 30CR,LABORATORIO CHILE,$16.899,35%,$10.984
793,VALSARTAN + HIDROCLOROTIAZIDA,VALAPLEX D 80/12.5MG 30CR,LABORATORIO CHILE,$16.899,35%,$10.984
794,VALSARTAN + HIDROCLOROTIAZIDA,VALAPLEX D FTE 160/25MG 30CR,LABORATORIO CHILE,$16.899,35%,$10.984
795,VASELINA LIQUIDA MEDICINAL,VASELINA MEDICINAL X120ml,LABORATORIO CHILE,$1.499,26%,$1.109
796,VENLAFAXINA,ECTIEN XR 150 MG X 30 CAPSULAS,LABORATORIO CHILE,$41.999,30%,$29.399
797,VENLAFAXINA,ECTIEN XR 37.5 MG X 30 CAPSULAS,LABORATORIO CHILE,$16.499,34%,$10.889
798,VENLAFAXINA,ECTIEN XR 75 MG X 30 CAPSULAS,LABORATORIO CHILE,$21.499,55%,$9.675
799,VENLAFAXINA,EFEXOR XR (R) 75mg X30CAP.,PFIZER,$62.099,45%,$34.154
800,VENLAFAXINA,SENEXON SR 150mg X30COM.PROL.,RECALCINE,$62.499,31%,$43.124
801,VENLAFAXINA,SENEXON SR 37.5mg X30COM.REC.,RECALCINE,$25.799,20%,$20.639
802,VENLAFAXINA,SENEXON SR 75mg X30COM.PROL.,RECALCINE,$32.999,25%,$24.749
803,VENLAFAXINA,SENTIDOL 50 mg. x 30 comprimidos,MEDIPHARM,$15.699,25%,$11.774
804,VENLAFAXINA,SUBELAN XR (B) 150mg X30CAP.PROL.,EXELTIS CHILE,$44.999,20%,$35.999
805,VENLAFAXINA,SUBELAN XR (B) 37.5mg X30CAP.PROL.,EXELTIS CHILE,$26.499,20%,$21.199
806,VENLAFAXINA,SUBELAN XR (B) 75mg X30CAP.PROL.,EXELTIS CHILE,$30.999,90%,$3.100
807,VILANTEROL + FLUTICASONA,RELVAR 184/22mcg INH.X30DS.,GLAXO,$67.999,57%,$29.240
808,VILANTEROL + FLUTICASONA,RELVAR 92/22mcg INH.X30DS.,GLAXO,$64.999,55%,$29.250
809,VILDAGLIPTINA,GALVUS 50mg X28COM.,AXON PHARMA,$29.399,61%,$11.466
810,VILDAGLIPTINA,GALVUS 50mg X56COM.,AXON PHARMA,$47.899,20%,$38.319
811,VILDAGLIPTINA + METFORMINA,GALVUS MET 50/1000 X28COM.REC.,AXON PHARMA,$30.499,20%,$24.399
812,VILDAGLIPTINA + METFORMINA,GALVUS MET 50/1000 X56COM.REC.,AXON PHARMA,$56.999,20%,$45.599
813,VILDAGLIPTINA + METFORMINA,GALVUS MET 50/500 X28COM.REC.,AXON PHARMA,$28.199,55%,$12.690
814,VILDAGLIPTINA + METFORMINA,GALVUS MET 50/500 X56COM.REC.,AXON PHARMA,$51.899,20%,$41.519
815,VILDAGLIPTINA + METFORMINA,GALVUS MET 50/850 X28COM.REC.,AXON PHARMA,$36.099,65%,$12.635
816,VILDAGLIPTINA + METFORMINA,GALVUS MET 50/850 X56COM.REC.,AXON PHARMA,$51.899,20%,$41.519
817,VIT.A + VIT.C + VIT.D,ABECIDIN ACD GTAS.30ml,PASTEUR,$7.599,20%,$6.079
818,VIT.A + VIT.C + VIT.D,BION 3 MINI COMP.X30,PROCTER&GAMBLE (FARMA),$10.599,12%,$9.327
819,VIT.A + VIT.C + VIT.D,VITAMINA ACD GTAS.X30ml,LABORATORIO CHILE,$4.599,78%,$1.012
820,VITAMINA C (ACIDO ASCORBICO),ACIDO ASCORBICO 100mg X100COM.,ByB FARMACEUTICA,$1.199,54%,$552
821,VORTIOXETINA,BRINTELLIX 10mg X28COM.,LUNDBECK,$58.999,5%,$56.049
822,ZINC,NUM-ZIT 10mg COMP.X30,ANDROMACO FARMA,$12.699,30%,$8.889
823,ZINC,NUM-ZIT 15mg COMP.X30,ANDROMACO FARMA,$11.699,30%,$8.189
824,ZINC,NUM-ZIT 5 GTAS.25ml,ANDROMACO FARMA,$12.699,30%,$8.889
825,ZINC OXIDO + ACIDO BORICO + VIT.A + VIT.D,HIPOGLOS PDA.100g,ANDROMACO FARMA,$7.499,20%,$5.999
826,ZINC OXIDO + ACIDO BORICO + VIT.A + VIT.D,HIPOGLOS PDA.20g,ANDROMACO FARMA,$4.199,20%,$3.359
827,ZINC OXIDO + ACIDO BORICO + VIT.A + VIT.D,HIPOGLOS PDA.60g,ANDROMACO FARMA,$5.699,20%,$4.559
828,ZINC OXIDO + VIT.A + VIT.D + ALCOHOL PANTOTENILICO + BENZALCONIO CLORURO,POVIN PDA.20g,ANDROMACO FARMA,$3.399,20%,$2.719
829,ZOPICLONA,"LOSOPIL 7,5 mg. x 30 comprimidos",MEDIPHARM,$5.499,25%,$4.124
830,ZOPICLONA,ZOPICLONA (B) 7.5mg X30COM.REC,HOSPIFARMA,$3.299,87%,$429
831,ALENDRONATO,LEODRIN (B) 70mg X12COM.REC.,RECALCINE,$22.999,88%,$2.760
832,CINTAS REACTIVAS PARA GLICEMIA,ACCU CHEK INSTANT CINT.25,ROCHE DIAGNOSTICA,$20.999,29%,$14.909
833,CINTAS REACTIVAS PARA GLICEMIA,ACCU CHEK INSTANT CINT.50,ROCHE DIAGNOSTICA,$40.199,29%,$28.541
834,CLOPIDROGEL,(B) CLOPIDOGREL 75mg COMP.X30,LABORATORIO CHILE,$12.999,25%,$9.749
835,BACLOFENO,CETRIL 10mg X50COM.,PHARMA INVESTI,$30.499,20%,$24.399
836,VALSARTAN,VALAX (B) 160mg X30COM.REC.,SAVAL S.A.,$15.899,25%,$11.924
837,AMOXICILINA + ESOMEPRAZOL + CLARITROMICI,ZOMEL HP DOSIS X28,SAVAL S.A.,$43.699,32%,$29.715
838,CLONIXINATO DE LISINA + VITAMINAS B1-B6-B12,NEFERSIL-B COMP.X10,PHARMA INVESTI,$10.499,25%,$7.874
839,DIFENIDOL,VERTIUM 25mg COMP.X40,SAVAL S.A.,$18.299,44%,$10.247
840,IBUPROFENO + DIPIRONA + CLORMEZANONA,DOLNIX COMP.X10,RECALCINE,$16.499,49%,$8.414
841,IRBESARTAN + HIDROCLOROTIAZIDA,"COAPROVEL 150/12,5 COMP.X28",AVENTIS,$38.899,41%,$22.950
842,IRBESARTAN + HIDROCLOROTIAZIDA,"COAPROVEL 300/12,5 COMP.X28",AVENTIS,$42.699,46%,$23.057
843,LACTOBACILLUS ACIDOPHILUS,BIOLACTUS 1g SOB.X6,SYNTHON,$9.999,30%,$6.999
844,LAMIVUDINA+ZIDOVUDINA,(R) COMBIVIR COMP.X60,GLAXO,$99.499,30%,$69.649
845,LEVODOPA + BENZERAZIDA,PROLOPA 200/50 COMP.X30,ROCHE,$28.299,35%,$18.394
846,MINOCICLINA,BAGOMICINA 100mg COMP.X15,BAGO,$24.799,30%,$17.359
847,RISPERIDONA,DAGOTIL 1mg/ml GTAS.X30ml,PHARMA INVESTI,$29.899,45%,$16.444
848,VENLAFAXINA,DEPUROL RET.(B) 150mg X30CAP.,PHARMA INVESTI,$70.799,38%,$43.895
849,RISPERIDONA,DAGOTIL (B) 1mg X30COM.REC.,PHARMA INVESTI,$21.699,40%,$13.019
850,LEVOTIROXINA,T4-BAGO (B) 100mcg X100COM.FLEXIDOSIS,BAGO,$11.599,29%,$8.235
851,PAROXETINA,AROTEX (B) 20mg X30COM.REC,RAFFO S.A.,$18.699,30%,$13.089
852,SALMETEROL + FLUTICASONA,FLUXAMOL HFA 250/25 INH.X120DS.,D&M PHARMA S.A.,$27.999,30%,$19.599
853,BUPROPION,BUPREDOL 150mg X60COM.REC,SANITAS S.A.,$26.499,35%,$17.224
854,ACIDO FOLICO,MILISER 5mg X30COM.,RECALCINE,$10.499,30%,$7.349
855,ACIDO VALPROICO,DIVALPREX (B) 250mg X50COM.REC.,GADORPHARMA SPA,$20.899,45%,$11.494
856,AEROCAMARA,MED CELL AEROCAMARA UNIVERSAL,MEDCELL ACCESORIOS,$5.499,20%,$4.399
857,AMITRIPTILINA + CLORDIAZEPOXIDO,ANTALIN X30COM.,SAVAL S.A.,$21.399,35%,$13.909
858,AMLODIPINO + VALSARTAN,VALAXAM 80/5 X30COM.REC.,SAVAL S.A.,$28.099,20%,$22.479
859,AMLODIPINO + VALSARTAN,VALAXAM 320/10 X30COM.REC,SAVAL S.A.,$26.999,20%,$21.599
860,AMLODIPINO + VALSARTAN,VALAXAM 160/5 X30COM.REC.,SAVAL S.A.,$30.899,20%,$24.719
861,AMLODIPINO + VALSARTAN + HIDROCLOROTIAZI,AMPLEX D 160/10/12.5 X30COM.REC.,LABORATORIO CHILE,$21.399,20%,$17.119
862,ARIPIPRAZOL,ARIZOL (B) 5mg X28COM.,EXELTIS CHILE,$29.099,25%,$21.824
863,ARIPIPRAZOL,ARIVITAE (B) 10mg X28COM.,GALENICUM HEALTH CHILE SPA,$29.499,23%,$22.714
864,CALCIO CARBONATO + SODIO ALGINATO + SODIO BICARBONATO,GAVISCON DOBLE ACCION S.O.SACHET X1,RECKITT BENCKISER FARMA,$1.099,38%,$681
865,CILOSTAZOL,CILOSVITAE (B) 100mg X28COM.,GALENICUM HEALTH CHILE SPA,$23.099,35%,$15.014
866,CLARITROMICINA,CLATIC 125mg/5ml S.O.X80ml,PASTEUR,$12.999,30%,$9.099
867,CLOFEDIANOL + BROMHEXINA,BRONTAL (B) AD.JBE.X100ml,SANITAS S.A.,$8.499,32%,$5.779
868,CLORFENAMINA + PSEUDOEFEDRINA,NASTIZOL (B) GTAS.X15ml,BAGO,$16.299,30%,$11.409
869,CODEINA + PSEUDOEFEDRINA + CLORFENAMINA,DEUCOTOS JBE.X120ml,MEDIPHARM,$10.999,25%,$8.249
870,CODEINA + PSEUDOEFEDRINA + CLORFENAMINA,TUSIGEN (B) JBE.X120ml,BAGO,$17.499,30%,$12.249
871,DEFLAZACORT,DISFLAX (B) 6mg X20COMP.,FAES FARMA CHILE,$20.099,30%,$14.069
872,DELTAMETRINA + PIPERONILO BUTOXIDO,LAUNOL SH.X60ml,LABORATORIO CHILE,$6.399,51%,$3.136
873,DESLORATADINA,NEO ALLEDRYL (B) 5mg X30COM.REC.,PRATER,$7.299,46%,$3.941
874,DEXCLORFENIRAMINA + BETAMETASONA,CLOFEXAN X30COM.,BAGO,$16.799,25%,$12.599
875,DIOSMINA + HESPERIDINA,VEDIPAL X30COM.,TECNOFARMA LTDA.,$26.799,25%,$20.099
876,DONEPECILO,EVOCAZ CD 10mg X30COM.DISP.,SAVAL S.A.,$45.799,35%,$29.769
877,DULOXETINA CLORHIDRATO,CYMBALTA 30mg X7CAP.,ELI LILLY,$16.599,35%,$10.789
878,ELETRIPTAN,RELPAX 40mg X2COM.REC.,PFIZER,$17.399,40%,$10.439
879,ESZOPICLONA,NOVO INSOMNIUM 2mg X30COM.REC.,GADORPHARMA SPA,$10.999,25%,$8.249
880,ESZOPICLONA,NOVO INSOMNIUM 3mg X30COM.REC.,GADORPHARMA SPA,$11.799,25%,$8.849
881,FIERRO GLUCONATO SODICO + AC. FOLICO,CHELTIN FC X30COM.REC.,PHARMA INVESTI,$17.199,20%,$13.759
882,FINASTERIDE BAJAS DOSIS,FOLIPIL (B) 1mg X30COM.REC.,PHARMA INVESTI,$21.599,35%,$14.039
883,IRBESARTAN,APROVEL (R) 150mg X28COM.,AVENTIS,$43.399,20%,$34.719
884,ISOTRETINOINA SISTEMICA,INFLADER 10mg X30CAP.,PHARMA INVESTI,$26.299,20%,$21.039
885,ISOTRETINOINA SISTEMICA,INFLADER 20mg X30CAP.,PHARMA INVESTI,$38.399,20%,$30.719
886,KETOTIFENO OFTALMICO,NEDRUS 0.05% SOF.X10ml,SMB,$16.799,23%,$12.935
887,LAMOTRIGINA,DAKSOL (B) 200mg X28COM.,EXELTIS CHILE,$52.299,35%,$33.994
888,LEVETIRACETAM,LEVEVITAE (B) 500mg X30COM.REC,GALENICUM HEALTH CHILE SPA,$19.199,35%,$12.479
889,LEVOCETIRIZINA,LEVORIGOTAX (B) 5mg X60COM.REC.,PRATER,$13.199,40%,$7.919
890,MEMANTINA,MEMANVITAE (B) 10mg X56COM.REC,GALENICUM HEALTH CHILE SPA,$31.599,30%,$22.119
891,MEMANTINA,VIVIMEX 20 20mg X30COM.REC.,PHARMA INVESTI,$49.099,25%,$36.824
892,METFORMINA,GLAUPAX (B) 500mg X30COM.REC.,PASTEUR,$6.799,35%,$4.419
893,METFORMINA,GLAUPAX XR (B) 750mg X30COM.PROL.,PASTEUR,$11.999,30%,$8.399
894,METFORMINA + GLIBENCLAMIDA,GLICENEX DUO 500/2.5 X30COM.REC.,BAGO,$10.899,35%,$7.084
895,MOMETASONA FUROATO PARA INHALACION,SYNALLER 50mcg NEB.X200DS.,PASTEUR,$14.499,25%,$10.874
896,MONTELUKAST,MONKAST (B) 5mg X28COM.MAST.,PASTEUR,$18.399,25%,$13.799
897,MONTELUKAST,MONKAST (B) 4mg X28COM.MAST.,PASTEUR,$16.999,25%,$12.749
898,NITROFURANTOINA,MACROSAN (B) 100mg X15CAP.,SANITAS S.A.,$10.499,30%,$7.349
899,OLANZAPINA,OLANFAR (B) 10mg X30COM.REC.,MEDIPHARM,$28.999,30%,$20.299
900,OLMESARTAN,OLTAN 20mg X30COM.REC.,ITF (EX LABOMED),$14.999,25%,$11.249
901,OLMESARTAN,OLTAN 40mg X30COM.REC.,ITF (EX LABOMED),$18.399,35%,$11.959
902,OLMESARTAN + HIDROCLOROTIAZIDA,OLTAN D 20/12.5 X30COM.,ITF (EX LABOMED),$15.099,25%,$11.324
903,OLMESARTAN + HIDROCLOROTIAZIDA,OLTAN D 40/12.5 X30COM.,ITF (EX LABOMED),$17.599,25%,$13.199
904,PANCREATINA + SIMETICONA,DIGENIL X10CAP.,SAVAL S.A.,$6.199,20%,$4.959
905,PANTOPRAZOL,ZOLTUM 40mg X28COM.,TECNOFARMA LTDA.,$27.999,40%,$16.799
906,PARACETAMOL + CLORFENAMINA + PSEUDOEFEDRINA,NASTIZOL (B) CPTO.GTAS.X15ml,BAGO,$14.799,25%,$11.099
907,POLIMIXINA B + NEOMICINA + BETAMETASONA + LIDOCAINA,OTOLISAN SOL.OT.X10ml,PHARMA INVESTI,$15.199,20%,$12.159
908,POLIVITAMINICO,INFORTIN PROBIOTICOS X30COM.MAST.,PRATER,$12.099,13%,$10.526
909,POLIVITAMINICO CON MINERALES,INFOR PRO X30COM.,PRATER,$11.899,27%,$8.686
910,POLIVITAMINICO PRENATAL,NATICARE SUPRA X30CAP.,ITF (EX LABOMED),$14.499,20%,$11.599
911,PREGABALINA,NEURUM (B) 75mg X30COM.,SAVAL S.A.,$12.699,20%,$10.159
912,PREGABALINA,PLENITEX (B) 150mg X30CAP.,RAFFO S.A.,$22.999,25%,$17.249
913,PROGESTERONA,PROGEVA 200mg X30CAP.,ITF (EX LABOMED),$19.599,20%,$15.679
914,PRUCALOPRIDA SUCCINATO,PRUVAL 2mg X30COM.REC,SAVAL S.A.,$37.599,30%,$26.319
915,PSEUDOEFEDRINA + CETIRIZINA,FINDALER-D X10CAP.,MEDIPHARM,$8.599,25%,$6.449
916,QUETIAPINA,QUETEX (B) 200mg X30COM.REC,EXELTIS CHILE,$42.799,25%,$32.099
917,QUETIAPINA,QUETEX XR (B) 150mg X30COM.REC,EXELTIS CHILE,$45.199,25%,$33.899
918,QUETIAPINA,QUETEX XR (B) 50mg X30COM.REC,EXELTIS CHILE,$35.099,25%,$26.324
919,RUPATADINA,REXANEL 10mg X30COM.,PRATER,$12.599,25%,$9.449
920,SITAGLIPTINA + METFORMINA,JANUMET 50/1000 X28COM.REC.,MERCK SHARP&DOME,$33.499,30%,$23.449
921,TELMISARTAN,TELLMI (B) 80mg X30COMP,SAVAL S.A.,$23.999,25%,$17.999
922,TELMISARTAN + AMLODIPINO,MICARDIS AMLO 80/10 X28COM.,BOEHRINGER INGELHEIM,$37.799,25%,$28.349
923,TELMISARTAN + AMLODIPINO,MICARDIS AMLO 80/5 X28COM.,BOEHRINGER INGELHEIM,$42.599,31%,$29.393
924,TELMISARTAN + HIDROCLOROTIAZIDA,MICARDIS PLUS 40/12.5 X28COM.,BOEHRINGER INGELHEIM,$39.999,25%,$29.999
925,TERBINAFINA USO TOPICO,DICIL 1% SOL.SP.X30ml,PHARMA INVESTI,$9.299,42%,$5.393
926,TINIDAZOL + MICONAZOL,GINECOPAST DUAL CR.X10g+10OV.,PASTEUR,$14.499,30%,$10.149
927,TOLTERODINA,UROSTOP (B) 2mg X30COM.,SYNTHON,$16.999,25%,$12.749
928,TOPIRAMATO,BIO MOOD (B) 25mg X30COM.,SAVAL S.A.,$17.599,30%,$12.319
929,TOPIRAMATO,BIO MOOD (B) 100mg X30COM.,SAVAL S.A.,$45.399,30%,$31.779
930,TRICLOSAN,LAVASEPT 1% JB.X90g,FARMOQUIMICA DEL PACIFICO,$2.299,41%,$1.356
931,VALSARTAN + HIDROCLOROTIAZIDA,VALAX D 320/25 X30COM.REC,SAVAL S.A.,$14.699,30%,$10.289
932,VASELINA LIQUIDA MEDICINAL,VASELINA LIQUIDA ORAL X125ml,MEDCELL ACCESORIOS,$2.099,26%,$1.553
933,VIT.A + VIT.C + VIT.D,INFORTIN ACD GTAS.X30ml,PRATER,$8.799,20%,$7.039
934,ZINC,ALTAZINC 10mg X40COM.,SAVAL S.A.,$18.699,30%,$13.089
935,ZINC,ALTAZINC 15mg X40COM.,SAVAL S.A.,$17.699,30%,$12.389
936,ZINC,ALTAZINC 5mg/ml GTAS.X30ml,SAVAL S.A.,$20.399,30%,$14.279
937,LACTASA,DIAVITAL LACTASA X60COM.,MAVER FARMA,$15.999,20%,$12.799
938,SUERO FISIOLOGICO USO NASAL,BEBESAL SOL.NASAL SPRAY X100ml,RECETARIO,$14.999,33%,$10.049
939,ACIDO HIALURONICO,SODYAL SOF. X10ml,RECETARIO,$10.199,46%,$5.507
940,SUPLEMENTO ALIMENTICIO,AVOPLUS X60TAB.,VITAMIN LIFE,$20.999,20%,$16.799
941,COLECALCIFEROL,INFORVIT D3 800UI X30ML,PRATER,$16.499,35%,$10.724
942,FIERRO (HIDROXIDO FERRICO - SACAROSA),CHELTIN 100mg/5ml X1AMP.,PHARMA INVESTI,$23.299,16%,$19.571
943,QUETIAPINA,QUETIUM (B) 300mg X30COM.REC.,SAVAL S.A.,$37.199,25%,$27.899
944,ACIDO TRANEXAMICO,ESPERCIL 500mg X20COM.REC.,GRUNENTHAL,$68.599,42%,$39.787
945,ALOPURINOL,ALOPURINOL 300mg X20COM.,HOSPIFARMA,$2.499,53%,$1.175
946,AMIODARONA,AMIODARONA 200mg COMP.X20,HOSPIFARMA,$3.899,30%,$2.729
947,AMOXICILINA,AMOXICILINA 500mg X21CAP.,OPKO,$4.899,73%,$1.323
948,AMOXICILINA + ACIDO CLAVULANICO,AMOX/AC.CLAVULANICO (B) 875/125 X20COM.,OPKO,$11.399,62%,$4.332
949,AMOXICILINA + ACIDO CLAVULANICO,AMOXICILINA/CLAVUL (B) 500/125 X20COM.,OPKO,$6.099,53%,$2.867
950,AZATIOPRINA,AZATIOPRINA (B) 50mg 100COM.,ASCEND LABORATORIES SPA,$37.199,25%,$27.899
951,CIPROTERONA + ETINILESTRADIOL,DIXI 35 X21GRA.,RECALCINE,$22.499,50%,$11.250
952,DESOGESTREL,ARLETTE 28 X28COM.REC.,RECALCINE,$14.399,25%,$10.799
953,DESOGESTREL,LACTAFEM 75mcg X28COM.REC.,ANDROMACO FARMA,$16.999,50%,$8.500
954,DESOGESTREL + ETINILESTRADIOL,CICLIDON 20 CD X28COM.REC.,RECALCINE,$14.999,47%,$7.949
955,DESOGESTREL + ETINILESTRADIOL,SOLUNA E-20 (B) X21COM.,MINTLAB,$9.299,30%,$6.509
956,DIENOGEST,DALGIET (B) X28COM.,EXELTIS CHILE,$20.199,20%,$16.159
957,DIENOGEST,VALERIX COMP.X30,SILESIA,$18.999,20%,$15.199
958,ESOMEPRAZOL,ESOMEPRAZOL (B) 40mg CAP.X30,OPKO,$4.999,30%,$3.499
959,ETINILESTRADIOL + CLORMADINONA,SERENATA 20 X28COM.REC,SILESIA,$20.499,50%,$10.250
960,ETINILESTRADIOL + CLORMADINONA,VIORA CD (B) X28COM.REC.,EXELTIS CHILE,$16.499,20%,$13.199
961,ETINILESTRADIOL + DIENOGEST,ACOTOL X28COM.REC.,RECALCINE,$15.399,25%,$11.549
962,ETINILESTRADIOL + DIENOGEST,DANIELE (B) X28COM.REC,EXELTIS CHILE,$12.499,20%,$9.999
963,ETINILESTRADIOL + DIENOGEST,TINELLE X28COM.REC.,SILESIA,$15.499,50%,$7.750
964,ETINILESTRADIOL + DROSPIRENONA,FEMELLE 20 X28COM.REC.,RECALCINE,$16.099,25%,$12.074
965,ETINILESTRADIOL + DROSPIRENONA,FEMELLE X28COM.REC.,RECALCINE,$17.799,78%,$3.916
966,ETINILESTRADIOL + DROSPIRENONA,LADEE (B) X28COM.REC.,EXELTIS CHILE,$15.299,20%,$12.239
967,ETINILESTRADIOL + GESTODENO,CICLOMEX 15 X28COM.REC.,RECALCINE,$13.999,25%,$10.499
968,ETINILESTRADIOL + GESTODENO,CICLOMEX 20 CD X28COM.REC.,RECALCINE,$13.399,25%,$10.049
969,ETINILESTRADIOL + GESTODENO,CICLOMEX 20 X21COM.REC.,RECALCINE,$14.499,20%,$11.599
970,ETINILESTRADIOL + GESTODENO,CICLOMEX CD X28COM.REC.,RECALCINE,$15.499,25%,$11.624
971,ETINILESTRADIOL + GESTODENO,MICROGEN 20 CD X28 COM.REC.,SILESIA,$12.599,50%,$6.300
972,GOSERELINA,ZOLADEX 10.8mg X1IMPLANTE,ASTRA ZENECA DE CHILE LTDA.,$276.099,52%,$132.528
973,HIDROXICARBAMIDA,HIDROXICARBAMIDA 500mg X100COM.,BPH S.A,$70.899,57%,$30.487
974,HORMONA FOLICULO ESTIMULANTE,GONAL F INYECTOR 300UI/0.75ml X1F-A,MERCK SA CHILE,$174.299,28%,$125.495
975,KETOPROFENO,KETOPROFENO (B) 50mg X20CAP.,LABORATORIO CHILE,$2.199,71%,$638
976,LEFLUNOMIDA,ARTROTIN (B) 20mg X30COM.REC.,RECALCINE,$67.999,88%,$8.160
977,LEVONORGESTREL + ETINILESTRADIOL,ANULETTE 20 CD X28COM.,SILESIA,$13.399,50%,$6.700
978,LEVONORGESTREL + ETINILESTRADIOL,ANULETTE CD X28COM.,SILESIA,$7.199,50%,$3.600
979,LEVONORGESTREL + ETINILESTRADIOL,NORVETAL 20 CD X28COM.REC.,RECALCINE,$11.699,25%,$8.774
980,LIDOCAINA CLORHIDRATO,LIDOCAINA 2% 5ml X5AMP.,SANDERSON S.A.,$1.399,94%,$84
981,LORATADINA,LORATADINA (B)10mg X30COM.,LABORATORIO CHILE,$1.399,73%,$378
982,MEDROXIPROGESTERONA,SAYANA PRESS 1JP.,PFIZER,$55.299,33%,$37.050
983,METISOPRINOL,ISOPRINOSINE 500mg COMP.X20,ANDROMACO FARMA,$54.599,30%,$38.219
984,MICOFENOLATO MOFETIL,LINFONEX (B) 250mg X60COM.REC.,RECALCINE,$65.499,35%,$42.574
985,MICOFENOLATO MOFETIL,LINFONEX (B) 500mg X30COM.REC.,RECALCINE,$65.999,30%,$46.199
986,NOMEGESTROL,MARILOW X28COM.,RECALCINE,$18.499,25%,$13.874
987,NOMEGESTROL,POEM 2.5mg X28COM.,SILESIA,$19.899,50%,$9.950
988,SERTRALINA,SERTRALINA (B) 100mg X30COM.,LABORATORIO CHILE,$7.099,75%,$1.775
989,TACROLIMUS,T-INMUN (B) 1mg X60CAP.,RECALCINE,$153.999,78%,$33.880
990,MICOFENOLATO MOFETIL,MICOFENOLATO (B) 500mg X50COM.,LABORATORIO CHILE,$34.599,18%,$28.371
991,AMOXICILINA,AMOXICILINA 250mg/5ml S.O.X60ml,OPKO,$1.799,56%,$792
992,BROMHEXINA,BROMHEXINA PED.4mg/5ml JBE.X100ml,OPKO,$1.799,59%,$738
993,VENLAFAXINA,(R) EFEXOR XR 150mg CAPS.X30,PFIZER,$105.099,12%,$92.487
994,VENLAFAXINA,DEPUROL RET.37.5mg CAPS.X30,PHARMA INVESTI,$32.499,20%,$25.999
995,ALBENDAZOL,VERMOIL 40mg SUSP.10ml,FARMOQUIMICA DEL PACIFICO,$7.299,36%,$4.671
996,ALENDRONATO,FOSVAL (B) 70mg COMP.X12,SAVAL S.A.,$24.599,20%,$19.679
997,AMOXICILINA + ACIDO CLAVULANICO,MAXIMOX (B) 875/125 X14COM.REC.,PASTEUR,$14.999,16%,$12.599
998,AMOXICILINA + ACIDO CLAVULANICO,MAXIMOX (B) 875/125 X20COM.REC.,PASTEUR,$16.999,5%,$16.149
999,ATORVASTATINA,LIPOTEN (B) 40mg X28COM.,EXELTIS CHILE,$28.599,28%,$20.591
1000,ATORVASTATINA,(B) LOWDEN 20mg COMP.X30,SAVAL S.A.,$29.799,23%,$22.945
1001,ATORVASTATINA,(B) LIPOTEN 80mg COMP.X28,EXELTIS CHILE,$30.399,25%,$22.799
1002,CALCIO CARBONATO + VITAMINA D3,CALDEVAL COMP.X30,SAVAL S.A.,$7.499,22%,$5.849
1003,CEFUROXIMA AXETIL,CEFUROXIMA (B) 500mg 14COM.REC,ASCEND LABORATORIES SPA,$36.499,31%,$25.184
1004,CICLOBENZAPRINA,(B) TENSIOMAX 10mg COMP.X20,BAGO,$6.299,21%,$4.976
1005,CICLOBENZAPRINA,(B) TENSIOMAX 5mg COMP.X20,BAGO,$6.299,25%,$4.724
1006,CLARITROMICINA,(B) INFEX 500mg COMP.X14,RECALCINE,$21.999,30%,$15.399
1007,CLONAZEPAM,RAVOTRIL 2.5mg GTAS.20ml,ROCHE,$27.699,30%,$19.389
1008,CLOTRIMAZOL,CLOTRIMAZOL 1% SOL.X20ml,PASTEUR,$1.899,50%,$950
1009,COMPLEJO DE HIERRO POLIMALTOSADO,ERITROFER SOL.GOTAS 20ml,DEUTSCHE PHARMA S.A.,$14.299,47%,$7.578
1010,DULOXETINA CLORHIDRATO,REALTA 60mg COMP.X30,SAVAL S.A.,$20.699,31%,$14.282
1011,ERGOTAMINA + CAFEINA + CLORFENAMINA + DIPIRONA,CEFALMIN COMP.X10,SANITAS S.A.,$2.199,20%,$1.759
1012,GLUCOSAMINA + CONDROITINA,FINARTRIT COMP.X60,GARDEN HOUSE,$15.399,25%,$11.549
1013,IPRATROPIO BROMURO,IPRASYNT HFA 20mcg INH.200DS.,FARMAPRECIO,$8.499,51%,$4.165
1014,LAMOTRIGINA,MEGANOX 200mg COMP.X30,ETEX FARMACEUTICA LTDA.,$82.499,30%,$57.749
1015,LEFLUNOMIDA,ARTRILAB 20mg COMP.X30,ITF (EX LABOMED),$54.899,37%,$34.586
1016,LETROZOL,LETROZOL (B) 2.5mg X30COM.,EUROFARMA CHILE S.A.,$31.599,44%,$17.695
1017,LEVOFLOXACINO,NOVACILINA 750mg COMP.X10,TECNOFARMA LTDA.,$19.599,13%,$17.051
1018,LORATADINA + PSEUDOEFEDRINA,ALLEDRYL D JBE.120ml,PRATER,$7.199,20%,$5.759
1019,LOSARTAN,CORODIN (B) 100mg X30COM.,RECALCINE,$20.499,7%,$19.064
1020,MEBEVERINA,DUSPATALIN 200mg 30CAP.,RECALCINE,$22.999,30%,$16.099
1021,METFORMINA,(R) GLAFORNIL 1000mg COM.X30,MERCK SA CHILE,$23.699,34%,$15.641
1022,NEBIVOLOL,PERTIUM (B) 5mg X30COM.,SAVAL S.A.,$15.399,24%,$11.703
1023,NIFUROXAZIDA + FTALILSULFATIAZOL,IMECOL AD. 16COM.,MAVER FARMA,$3.999,25%,$2.999
1024,OLANZAPINA,(B) AMULSIN 10mg COMP.X30,SANITAS S.A.,$44.199,20%,$35.359
1025,OLANZAPINA,(B) AMULSIN 5mg COMP.X30,SANITAS S.A.,$31.799,23%,$24.485
1026,OMEPRAZOL,LOMEX (B) 20mg 28CAP.PROL.,SAVAL S.A.,$21.999,24%,$16.719
1027,PARACETAMOL + CLORFENAMINA + PSEUDOEFEDRINA,NASTIZOL DN COMP.X18,BAGO,$3.799,25%,$2.849
1028,METAMIZOL MAGNESICO + PARGEVERINA CLORHI,BEVITEX CPTO.GTAS 30ml,PRATER,$6.599,23%,$5.081
1029,QUETIAPINA,QUETIAPINA (B) 25mg 30COM.REC,LABORATORIO CHILE,$8.499,35%,$5.524
1030,TAMSULOSINA,(B) SULIX 0.4mg CAPS.X30,SYNTHON,$11.999,16%,$10.079
1031,TELMISARTAN,TENSUREN (B) 40mg X30COM,LABORATORIO CHILE,$18.999,24%,$14.439
1032,TERBINAFINA,MUCIVIL (B) 250mg COM.X30,PRATER,$10.999,34%,$7.259
1033,TINIDAZOL + MICONAZOL,GINEDAZOL OVUL.X10,LABORATORIO CHILE,$23.499,30%,$16.449
1034,TOLTERODINA,ELTOVEN 2 2mg COMP.X30,PHARMA INVESTI,$23.299,16%,$19.571
1035,VALSARTAN,(B) DOSARA 160mg COMP.X30,ANDROMACO FARMA,$15.399,21%,$12.165
1036,VALSARTAN,(B) DOSARA 80mg COMP.X30,ANDROMACO FARMA,$14.399,22%,$11.231
1037,VALSARTAN,VALAX (B) 320mg 30COM.REC,SAVAL S.A.,$14.699,21%,$11.612
1038,VALSARTAN + HIDROCLOROTIAZIDA,VALAX D 160/12.5 X30COM.REC.,SAVAL S.A.,$14.999,22%,$11.699
1039,OXIDO DE ZINC,PASTA LASSAR X100g,RECETARIO,$2.299,20%,$1.839
1040,ZOLPIDEM,(B) SOMNIL 10mg COMP.X30,TECNOFARMA LTDA.,$21.499,17%,$17.844
1041,ZOLPIDEM,(B) SUCEDAL 10mg COMP.X30,PHARMA INVESTI,$28.399,20%,$22.719
1042,AZITROMICINA,AZITROM FTE.400mg/5ml S.O.X20ml,LABORATORIO CHILE,$15.899,4%,$15.263
1043,CARVEDILOL,CARVEDILOL (B) 6.25mg X30COM.,LABORATORIO CHILE,$5.399,77%,$1.242
1044,CLARITROMICINA,INFEX 125mg/5ml S.O.SACHET X80ml,RECALCINE,$9.999,20%,$7.999
1045,CLORANFENICOL OFTALMICO UNGUENTO,CLORANFENICOL 1% UNG.OFT X5g,BPH S.A,$3.599,75%,$900
1046,DESLORATADINA,DESPEX (B) 2.5mg/5ml JBE.X120ml,LABORATORIO CHILE,$11.699,46%,$6.317
1047,DICLOFENACO TOPICO,DICLOFENACO 1% GEL X30g,OPKO,$2.499,77%,$575
1048,ELETRIPTAN,ABETAL ODT 40mg X6COM.DISP.,RECALCINE,$21.999,29%,$15.619
1049,PARACETAMOL + TRAMADOL,PARACETAMOL/TRAMADOL (B) 325/37.5mg X30C,LABORATORIO CHILE,$9.399,69%,$2.914
1050,PREDNISOLONA ACETATO COLIRIO,PREDNISOLONA 1% SOF.X5ml,PHARMATECH CHILE S.A.,$9.799,68%,$3.136
1051,PARGEVERINA CLORHIDRATO,VIADIL 5mg/ml GTAS.X15ml,PHARMA INVESTI,$7.399,50%,$3.700
1052,VIT.B1 + VIT.B6 + VIT.B12,NEUROBION DC (B) 10000UI/3ml X3AMP.,PROCTER&GAMBLE (FARMA),$16.099,18%,$13.201
1053,VITAMINA C + PROBIOTICOS,CREVET LIGHT 500mg X32COM.MAST.,PRATER,$3.599,40%,$2.159
